target_name,observation_id,filter,fits_name,mag_ab,mag_err,mag_ab_apcorr,mag_ab_apcorr_err,count_rate,count_rate_err,net_counts,net_counts_err,aper_counts,bkg_per_pix,bkg_rms_per_pix,bkg_counts_ap,bkg_counts_ap_err,A_ap_eff,A_bg_eff,zp_ab,trail_height_pix,trail_semi_out_pix,trail_semi_in_pix,tds_corr,c2,f_apcorr,apcorr_mag,c1,c1_err,c1_detail_csv,coi_factor,rate_bkg_6,rate_tot_6,rate_tot_6_coi,rate_bkg_6_coi,count_rate_coi,count_rate_final,v_mag_1,v_mag_1_corrected,mlim_obs
Cevenola,0723801601,V,P0723801601OMS006FSIMAGV000.FTZ,17.04579590680691,0.05953827457412166,17.04579590680691,0.05953827457412166,1.7430643418492182,0.09442709188658925,6972.257367396873,377.708367546357,79761.69562216662,27.95490422444977,3.4902908835301663,72789.43825476975,178.1011822899945,2603.81640625,2648.75390625,17.923,25.0,9.0,0.0,1.0,1.0,1.0,0.0,1.0,0.0,,1.286969393574282,18.197359563692437,19.940423905541657,22.88243721880483,20.639166759814188,2.2432704589906436,2.2432704589906436,17.02,17.0674,19.878323
Sakaguchi,0748190101,V,P0748190101OMS006FSIMAGV000.FTZ,17.65305571347372,0.09617127162199247,17.65305571347372,0.09617127162199247,1.0350502811877211,0.09104754887309995,3933.1910685133407,345.9806857177798,63879.77781189233,85.48770969726776,6.7634744562099325,59946.58674337899,179.1019206717319,701.23046875,947.2890625,17.923,13.0,6.0,0.0,1.0,1.0,1.0,0.0,1.0,0.0,,1.238842987757202,15.775417564047103,16.810467845234825,18.892533282065134,17.610268499239606,1.2822647828255285,1.2822647828255285,17.97,18.0174,20.009413
Hektor,0165972001,V,P0165972001OMS006FSIMAGV000.FTZ,14.98041654403472,0.01268609355631628,14.98041654403472,0.01268609355631628,12.975050207500939,0.13956571534014367,12975.050207500939,139.56571534014367,16998.33584457822,27.31648195762562,3.547173641240329,4023.2856370772834,43.04874536788976,147.2841796875,435.2802734375,17.923,12.0,5.999999999999999,0.0,1.0,1.0,1.0,0.0,1.0014431636768346,0.011198800825194869,/Users/eracero/workspace/tfm-viu/results/batch_V/elena/c1corr/c1_details_Hektor_P0165972001OMS006FSIMAGV000.csv,1.1569058820041183,4.358559440167057,17.352334768832566,19.571013747442944,4.538438640269821,15.032575107173123,15.032575107173123,15.1,15.1474,19.236603
Lipschutz,0744440301,V,P0744440301OMS402SIMAGE2000.FTZ,17.108099520924682,0.06853626389363364,17.108099520924682,0.06853626389363364,1.7885801970243056,0.1123812879073888,7476.265223561597,469.75378345288516,115427.26131842285,116.53104983864492,7.940102409040682,107950.99609486126,241.667695838315,926.37109375,1155.109375,17.923,13.0,6.0,0.0,1.0,1.0,1.0,0.0,1.0,0.0,,1.1842728517939245,25.825597151880682,27.614177348904988,30.68767550539807,28.569508534805955,2.118166970592114,2.118166970592114,17.02,17.0674,19.886965
Lipschutz,0744440301,V,P0744440301OMS401SIMAGE2000.FTZ,16.81661897463028,0.05712746393434331,16.81661897463028,0.05712746393434331,2.0330391160003054,0.10554368859134723,8498.103504881277,441.17261831183146,111337.81136170775,114.42178485245832,7.677189209586286,102839.70785682647,230.15918039651083,898.77734375,1570.173828125,17.923,13.0,8.0,0.0,1.0,1.0,1.0,0.0,1.0,0.0,,1.362720143183696,24.60280092268576,26.635840038686066,31.460874984788262,28.69041162953427,2.770463355253991,2.770463355253991,17.02,17.0674,19.886965
Nishimura,0112370801,V,P0112370801OMS402SIMAGE1000.FTZ,17.04990087085067,0.05015822533909877,17.04990087085067,0.05015822533909877,2.1095683058054044,0.096694060661016,1687.6546446443235,77.35524852881281,4467.359213097952,16.57322052132494,2.570149080852606,2779.704568453629,33.285430713292214,167.72265625,454.830078125,17.923,13.0,6.0,0.0,1.0,1.0,1.0,0.0,1.0,0.0,,1.059366071685283,3.474630710567036,5.584199016372441,5.84063417926878,3.6058290901959307,2.2348050890728492,2.2348050890728492,17.08,17.1274,19.360056
Joan,0601391001,V,P0601391001OMS402SIMAGE2000.FTZ,17.68620625238013,0.10059110141008995,17.68620625238013,0.10059110141008995,1.1257125884710513,0.103796693782742,1688.568882706577,155.69504067411302,14959.814376104623,46.58109639012147,4.912786843247241,13271.245493398046,82.92374539844745,284.90625,814.673828125,17.923,13.0,8.0,0.0,1.0,1.0,1.0,0.0,1.0,0.0,,1.1048160541097052,8.847496995598698,9.97320958406975,10.622527814788375,9.378822474732166,1.2437053400562093,1.2437053400562093,17.35,17.3974,19.320482
Quaide,0692510201,V,P0692510201OMS006FSIMAGV000.FTZ,17.981893018659523,0.14559714224691714,17.981893018659523,0.14559714224691714,0.7084359861674253,0.0945163653204914,3542.1799308371264,472.581826602457,110519.62059915066,165.1648095040951,10.058968604168944,106977.44066831353,256.00048850901663,647.701171875,897.841796875,17.923,13.0,6.0,0.0,1.0,1.0,1.0,0.0,1.0,0.0,,1.3370331610665238,21.39548813366271,22.103924119830136,25.74506281129774,24.797860405299026,0.9472024059987127,0.9472024059987127,17.74,17.7874,19.919678
Myrtus,0135742601,V,P0135742601OMS402SIMAGE1000.FTZ,17.995756918714378,0.12109022111730877,17.995756918714378,0.12109022111730877,0.8524157473727957,0.09474217554334219,835.3674324253398,92.84733203247535,5464.791181080043,39.83136511046857,4.595732778183539,4629.423748654704,49.54566257035697,116.2255859375,406.9638671875,17.923,9.0,6.0,0.0,1.0,1.0,1.0,0.0,1.012904484378261,0.00724642143095501,/Users/eracero/workspace/tfm-viu/results/batch_V/elena/c1corr/c1_details_Myrtus_P0135742601OMS402SIMAGE1000.csv,1.0831217438463707,6.823413688493327,7.686829421561878,8.106036175851736,7.170851821386134,0.9351843544656022,0.9351843544656022,17.95,17.9974,18.995802
Lomberg,0727571501,V,P0727571501OMS008FSIMAGV000.FTZ,19.05481684469549,0.0843646716960072,19.05481684469549,0.0843646716960072,0.3239346591850838,0.025123264851668166,1901.8203840756269,147.4986879441438,13863.888876900077,31.594912834999345,3.76737431089824,11962.06849282445,73.30495537139781,378.607421875,807.8642578125,17.923,8.0,6.0,0.0,1.0,1.0,1.0,0.0,1.0301820649387736,0.023948202202094867,/Users/eracero/workspace/tfm-viu/results/batch_V/elena/c1corr/c1_details_Lomberg_P0727571501OMS008FSIMAGV000.csv,1.0565787207403121,3.310911480299733,3.6446231564042604,3.779541977039221,3.426949321204594,0.35259265583462707,0.35259265583462707,18.28,18.3274,20.990757
An-Eefje,0103261901,V,P0103261901OMS401SIMAGE1000.FTZ,17.151625166315057,0.11681597466099379,17.151625166315057,0.11681597466099379,1.6239322934836582,0.1730083370827814,1948.7187521803899,207.6100044993377,23777.36741611734,55.87281997463246,5.575139612730357,21828.64866393695,110.1967731033911,390.6845703125,660.6416015625,17.923,13.0,6.000000000000002,0.0,1.0,1.0,1.0,0.0,1.0,0.0,,1.2530892815380035,18.190540553280794,19.814472846764453,22.445198502918746,20.410266352010947,2.0349321509077996,2.0349321509077996,18.0,18.0474,19.05685
Gurzhij,0744490401,V,P0744490401OMS411SIMAGE2000.FTZ,,,,,,,,,,,,,,,,,,,,,,,,,,,,,,,,,,,,
2001 FV5,0744440301,V,P0744440301OMS402SIMAGE2000.FTZ,,,,,,,,,,,,,,,,,,,,,,,,,,,,,,,,,,,,
2001 FV5,0744440301,V,P0744440301OMS401SIMAGE2000.FTZ,,,,,,,,,,,,,,,,,,,,,,,,,,,,,,,,,,,,
1991 SG1,0164561401,V,P0164561401OMS401SIMAGE1000.FTZ,18.549284699423186,0.2727058471772646,18.549284699423186,0.2727058471772646,0.48631391777188515,0.12180240893980003,632.2080931034507,158.34313162174004,15270.65834056586,57.57414099694844,5.1115251609437475,14638.45024746241,81.50501278620126,254.25390625,534.701171875,17.923,13.0,6.0,0.0,1.0,1.0,1.0,0.0,1.0,0.0,,1.1549665899589194,11.260346344201853,11.746660261973737,12.74050527218322,12.178828944924664,0.5616763272585565,0.5616763272585565,18.29,18.3374,19.130653
#1998 YU27,0745130201,V,P0745130201OMS006FSIMAGV000.FTZ,18.144305468167964,0.09541873828074095,18.144305468167964,0.09541873828074095,0.4744148306067993,0.041510355390983786,1186.0370765169982,103.77588847745946,7272.719699580222,21.593926606325432,3.1233664756947768,6086.682623063224,52.438162198497956,281.8701171875,1037.6474609375,17.923,4.0,6.0,0.0,1.0,1.0,1.0,0.0,1.4016301605728412,0.44710403245816877,/Users/eracero/workspace/tfm-viu/results/batch_V/elena/c1corr/c1_details_1998_YU27_P0745130201OMS006FSIMAGV000.csv,1.2265524423479472,15.216706557658059,15.881660692859604,17.7410673672576,16.925466248676777,0.8156011185808225,0.8156011185808225,18.34,18.3874,19.993279
1991 SC1,0780670101,V,P0780670101OMS007SIMAGE1000.FTZ,18.634454052382345,0.1655531813220992,18.634454052382345,0.1655531813220992,0.4744782431723072,0.07221953295398963,1584.757332195506,241.21324006632537,30408.588180467486,87.68955527353742,7.396034795269997,28823.83084827198,134.09138055966312,328.703125,603.41015625,17.923,13.0,6.0,0.0,1.0,1.0,1.0,0.0,1.0,0.0,,1.0944654996813266,8.629889475530533,9.10436771870284,9.649314515135023,9.130014447633526,0.5193000675014972,0.5193000675014972,18.52,18.5674,20.266552
2000 RD50,0723800701,V,P0723800701OMS006FSIMAGV000.FTZ,18.64821302623566,0.24201384389270378,18.64821302623566,0.24201384389270378,0.4038495277878501,0.08977174204639085,1615.3981111514004,359.0869681855634,73201.8678842131,32.75863080434889,3.9837946943306473,71586.4697730617,186.22996050774177,2185.2705078125,3598.705078125,17.923,25.0,13.0,0.0,1.0,1.0,1.0,0.0,1.0,0.0,,1.2696827231761574,17.896617443265427,18.30046697105328,20.77035226056747,20.257591492372388,0.5127607681950828,0.5127607681950828,18.52,18.5674,19.794107
Setsuko,0744490501,V,P0744490501OMS403SIMAGE2000.FTZ,19.311830328444227,0.4542526842755193,19.311830328444227,0.4542526842755193,0.244575250344102,0.10219105760586358,435.34394561250156,181.90008253843718,19177.04734992236,54.809223123776015,5.1141145992272365,18741.703404309857,94.56886197151958,341.9443359375,615.6435546875,17.923,13.0,6.0,0.0,1.0,1.0,1.0,0.0,1.0,0.0,,1.137772314621493,10.529046856353853,10.773622106697955,11.595979038628998,11.317708089945858,0.27827094868314006,0.27827094868314006,18.59,18.6374,19.383263
Scottobin,0202460101,V,P0202460101OMS402SIMAGE1000.FTZ,18.51686913026092,0.13941565729831534,18.51686913026092,0.13941565729831534,0.5473425590241666,0.0701423383980728,766.2795826338333,98.19927375730191,6367.661067796871,29.18454960316151,3.488619651785899,5601.381485163038,48.33087980163966,191.9296875,477.162109375,17.923,13.0,6.0,0.0,1.0,1.0,1.0,0.0,1.0,0.0,,1.0572875775426915,4.000986775116456,4.548329334140623,4.739101619849037,4.160403131532358,0.5786984883166788,0.5786984883166788,18.72,18.7674,19.555307
1988 RQ5,0743950401,V,P0743950401OMS007FSIMAGV000.FTZ,19.019647854471565,0.2205105146185192,19.019647854471565,0.2205105146185192,0.3198856527729571,0.06484174572114386,1599.4282638647855,324.2087286057193,49541.513698883355,129.83192194501558,9.771186327958434,47942.08543501857,187.76516043081853,369.2626953125,640.869140625,17.923,13.0,6.0,0.0,1.0,1.0,1.0,0.0,1.0,0.0,,1.1385342407003733,9.588417087003714,9.908302739776671,10.661280721263369,10.297079952472567,0.364200768790802,0.364200768790802,18.75,18.7974,20.105297
1991 SC1,0780670101,V,P0780670101OMS006SIMAGE1000.FTZ,18.842867130246102,0.11186869921749594,18.842867130246102,0.11186869921749594,0.32458649599909034,0.03339364621285816,1213.9534950365978,124.89223683608951,9898.287251450121,96.40368330605938,7.284237917807343,8684.333756413524,69.13620895414931,90.0830078125,468.0380859375,17.923,4.0,5.999999999999998,0.0,1.0,1.0,1.0,0.0,1.2159853702641574,0.0355026399737107,/Users/eracero/workspace/tfm-viu/results/batch_V/elena/c1corr/c1_details_1991_SC1_P0780670101OMS006SIMAGE1000.csv,1.0859112949454974,7.546546713460949,7.941239143981148,8.380624363346206,7.95202339501483,0.4286009683313754,0.4286009683313754,18.52,18.5674,20.266552
Seeligeria,0303670101,V,P0303670101OMS404SIMAGE1000.FTZ,15.620502563281347,0.015849211064625057,15.620502563281347,0.015849211064625057,7.752406402032481,0.1100497339862871,7752.40640203248,110.04973398628711,10534.330935100093,17.12334306222679,2.670210078150456,2781.924533067613,34.03484868107396,162.4638671875,449.962890625,17.923,13.0,6.0,0.0,1.0,1.0,1.0,0.0,1.0,0.0,,1.075381208331669,2.7819245330676132,10.534330935100094,11.218757456922269,2.8819652928264126,8.336792164095856,8.336792164095856,15.63,15.6774,19.47694
Chrisclark,0670120401,V,P0670120401OMS006SIMAGE1000.FTZ,18.570612074138683,0.13294706919389884,18.570612074138683,0.13294706919389884,0.5160793934312058,0.06308403134831227,1238.590544234894,151.40167523594945,14298.852437272668,54.89689952782333,4.986379815881848,13060.261893037774,76.91081090026758,237.9052734375,519.607421875,17.923,13.0,6.0,0.0,1.0,1.0,1.0,0.0,1.0,0.0,,1.0671823942655505,5.441775788765739,5.957855182196944,6.242885194786563,5.692134352073536,0.5507508427130272,0.5507508427130272,18.13,18.1774,19.782831
Pluto,0793183801,V,P0793183801OMS050SIMAGE0000.FTZ,14.616781778870223,0.009588493977882575,14.616781778870223,0.009588493977882575,18.33598634507835,0.15044754588880635,22003.18361409402,180.53705506656763,28103.895823743194,42.79266027345603,4.864063636093179,6100.712209649172,58.07709358581024,142.564453125,430.578125,17.923,12.0,6.000000000000001,0.0,1.0,1.0,1.0,0.0,0.9997568066497153,0.0017259058666436772,/Users/eracero/workspace/tfm-viu/results/batch_V/elena/c1corr/c1_details_Pluto_P0793183801OMS050SIMAGE0000.csv,1.1462745283791043,5.507587411488836,23.839114566617152,26.772292270399472,5.759329626186021,21.012962644213452,21.012962644213452,14.66,14.7074,19.166199
1998 YU27,0745130201,V,P0745130201OMS006FSIMAGV000.FTZ,,,,,,,,,,,,,,,,,,,,,,,,,,,,,,,,,,,,
