observation_id,sso_name,ra_deg_1,dec_deg_1,ra_deg_2,dec_deg_2,filter,xmatch_type,v_mag_1,v_mag_1_corrected,mlim_obs,FITS_FILE,DECISION,dra_arcsec,ddec_arcsec,trail_len_arcsec,pa_deg_E_of_N,obs_len_diff_arcsec,obs_pa_diff_deg,obs_mid_dist_arcsec,score_simple
0802200801,2015 PU39,165.115453238,9.955195082,165.123159426,9.954164943,L,2,23.27,24.7542,,P0802200801OMS403SIMAGE2000.FTZ,D,27.325,-3.709,27.575,97.729,33.724,83.679,87.154,572.994
0802200801,2014 KT2,165.115511367,9.968293561,165.122991623,9.966336098,L,2,22.24,23.7242,,P0802200801OMS403SIMAGE2000.FTZ,D,26.522,-7.047,27.443,104.879,33.856,90.829,93.931,615.788
0802200801,2019 PG86,165.161950602,9.950285455,165.168976798,9.948051315,L,2,24.37,25.8542,,P0802200801OMS403SIMAGE2000.FTZ,D,24.914,-8.043,26.180,107.892,35.119,93.841,82.485,621.928
0802200801,1998 SM135,165.115485209,9.934489399,165.126662280,9.930859997,L,2,19.54,21.0242,,P0802200801OMS403SIMAGE2000.FTZ,D,39.634,-13.066,41.732,108.245,19.566,94.195,119.790,629.897
0802200801,2001 EL7,165.191206520,9.939385255,165.199594771,9.937173747,L,2,20.53,22.0142,,P0802200801OMS403SIMAGE2000.FTZ,D,29.745,-7.961,30.792,104.985,30.507,90.934,195.642,711.327
0802200801,2007 DX123,165.075466336,9.931576467,165.088096096,9.927284906,L,2,22.28,23.7642,,P0802200801OMS403SIMAGE2000.FTZ,D,44.786,-15.450,47.376,109.033,13.923,94.982,241.589,744.346
0802200801,Palus,165.087461988,9.901475585,165.094315468,9.899843821,L,2,19.89,21.3742,,P0802200801OMS403SIMAGE2000.FTZ,D,24.305,-5.874,25.005,103.587,36.294,89.537,277.078,797.351
0802200801,2023 RU132,165.203765388,10.000314553,165.209939334,9.997959685,L,2,25.60,27.0842,,P0802200801OMS403SIMAGE2000.FTZ,D,21.889,-8.478,23.473,111.172,37.826,97.121,269.642,830.900
0802200801,2019 NJ39,165.045587139,9.930537145,165.055564189,9.928203802,L,2,23.48,24.9642,,P0802200801OMS403SIMAGE2000.FTZ,D,35.379,-8.400,36.363,103.356,24.936,89.306,345.356,841.757
0802200801,2008 YJ139,165.218257410,9.877584690,165.228404534,9.875374900,L,2,23.37,24.8542,,P0802200801OMS403SIMAGE2000.FTZ,D,35.988,-7.955,36.857,102.465,24.442,88.414,405.505,896.461
0802200801,2000 QK100,165.043750887,9.960975932,165.046663834,9.960272531,L,2,20.17,21.6542,,P0802200801OMS403SIMAGE2000.FTZ,D,10.329,-2.532,10.634,103.775,50.664,89.725,349.556,899.510
0802200801,2014 HK10,165.121113597,10.060863051,165.129058455,10.058427246,L,2,22.88,24.3642,,P0802200801OMS403SIMAGE2000.FTZ,D,28.162,-8.769,29.495,107.295,31.803,93.245,374.143,903.975
0802200801,2005 GX172,165.134550619,10.068031075,165.144001084,10.065017414,L,2,21.62,23.1042,,P0802200801OMS403SIMAGE2000.FTZ,D,33.498,-10.849,35.211,107.946,26.088,93.895,393.338,914.991
0802200801,2012 TB90,165.165870960,9.857419422,165.172328472,9.855408100,L,2,23.89,25.3742,,P0802200801OMS403SIMAGE2000.FTZ,D,22.904,-7.241,24.021,107.544,37.278,93.493,374.345,916.367
0802200801,2009 DC156,165.264524885,9.953473118,165.273353319,9.951037840,L,2,23.05,24.5342,,P0802200801OMS403SIMAGE2000.FTZ,D,31.304,-8.767,32.509,105.645,28.790,91.595,444.325,959.881
0802200801,1999 TX222,165.043845638,10.048109206,165.052128089,10.046540726,L,2,21.02,22.5042,,P0802200801OMS403SIMAGE2000.FTZ,D,29.360,-5.647,29.898,100.886,31.401,86.836,469.194,966.177
0802200801,2006 SV19,165.033638290,10.055782797,165.040223622,10.054342653,L,2,23.43,24.9142,,P0802200801OMS403SIMAGE2000.FTZ,D,23.343,-5.185,23.912,102.522,37.387,88.472,516.825,1033.958
0802200801,2022 QG162,165.086175081,10.092163759,165.094592834,10.089299688,L,2,25.23,26.7142,,P0802200801OMS403SIMAGE2000.FTZ,D,29.835,-10.311,31.567,109.065,29.732,95.014,516.073,1050.609
0802200801,2008 HL43,164.986042756,9.895284387,164.999133312,9.890767219,L,2,23.46,24.9442,,P0802200801OMS403SIMAGE2000.FTZ,D,46.425,-16.262,49.191,109.304,12.108,95.254,583.875,1084.360
0802200801,2006 KJ45,165.268042008,9.853164648,165.275549884,9.850863943,L,2,23.62,25.1042,,P0802200801OMS403SIMAGE2000.FTZ,D,26.630,-8.283,27.888,107.277,33.411,93.227,591.653,1124.608
0802200801,2013 ET47,165.101832466,9.810078193,165.108384047,9.806871356,L,2,22.31,23.7942,,P0802200801OMS403SIMAGE2000.FTZ,D,23.241,-11.545,25.950,116.415,35.349,102.365,553.190,1135.711
0802200801,2002 EY141,165.249369825,10.089724665,165.256275504,10.087056127,L,2,21.71,23.1942,,P0802200801OMS403SIMAGE2000.FTZ,D,24.476,-9.607,26.294,111.430,35.005,97.379,609.991,1166.898
0802200801,Aaronenten,165.182213735,9.771356424,165.191768309,9.769034814,L,2,20.61,22.0942,,P0802200801OMS403SIMAGE2000.FTZ,D,33.898,-8.358,34.913,103.851,26.386,89.800,691.009,1192.782
0802200801,2016 SF91,165.130940485,10.137326935,165.138870670,10.134009052,L,2,23.94,25.4242,,P0802200801OMS403SIMAGE2000.FTZ,D,28.103,-11.944,30.536,113.026,30.763,98.976,642.700,1199.106
0802200801,2015 PM168,165.076842342,10.144547475,165.084276540,10.143274766,L,2,23.37,24.8542,,P0802200801OMS403SIMAGE2000.FTZ,D,26.345,-4.582,26.740,99.866,34.559,85.815,707.965,1206.160
0802200801,2024 UE58,164.967108079,10.022216256,164.975011958,10.018959327,L,2,24.56,26.0442,,P0802200801OMS403SIMAGE2000.FTZ,D,28.020,-11.725,30.374,112.707,30.925,98.656,653.164,1208.296
0802200801,2005 TE14,165.248801452,10.104806688,165.257069439,10.100988040,L,2,22.40,23.8842,,P0802200801OMS403SIMAGE2000.FTZ,D,29.303,-13.747,32.368,115.133,28.931,101.082,651.454,1214.729
0802200801,2019 SP202,164.975972662,10.073481831,164.983752683,10.071739211,L,2,25.15,26.6342,,P0802200801OMS403SIMAGE2000.FTZ,D,27.576,-6.273,28.281,102.816,33.018,88.766,713.915,1223.780
0802200801,2015 LV59,164.952538404,9.881267642,164.959755258,9.879108744,L,2,24.86,26.3442,,P0802200801OMS403SIMAGE2000.FTZ,D,25.595,-7.772,26.749,106.891,34.550,92.840,720.897,1254.199
0802200801,2015 OE161,165.012471566,10.128141295,165.018908958,10.127102006,L,2,23.73,25.2142,,P0802200801OMS403SIMAGE2000.FTZ,D,22.814,-3.741,23.118,99.314,38.181,85.263,762.731,1265.408
0802200801,2016 SF123,165.096827890,10.160133952,165.103987559,10.158059413,L,2,25.07,26.5542,,P0802200801OMS403SIMAGE2000.FTZ,D,25.371,-7.468,26.447,106.403,34.852,92.352,742.342,1273.807
0802200801,1999 TZ116,165.338926756,9.997499216,165.344743050,9.995414964,L,2,22.41,23.8942,,P0802200801OMS403SIMAGE2000.FTZ,D,20.621,-7.503,21.943,109.995,39.355,95.945,716.342,1274.776
0802200801,2005 PW10,165.324592857,9.843603219,165.334714156,9.840294987,L,2,22.05,23.5342,,P0802200801OMS403SIMAGE2000.FTZ,D,35.900,-11.910,37.824,108.353,23.475,94.302,779.312,1297.773
0802200801,Osaka,164.915450260,9.864736751,164.926690498,9.862579293,L,2,18.38,19.8642,,P0802200801OMS403SIMAGE2000.FTZ,D,39.867,-7.767,40.616,101.024,20.683,86.974,858.657,1334.891
0802200801,2021 RN95,164.896878501,9.974154251,164.903913176,9.973017068,L,2,22.93,24.4142,,P0802200801OMS403SIMAGE2000.FTZ,D,24.942,-4.094,25.276,99.321,36.023,85.271,864.783,1363.182
0802200801,2007 BU15,164.898119912,10.003605757,164.904959084,10.002041262,L,2,23.15,24.6342,,P0802200801OMS403SIMAGE2000.FTZ,D,24.247,-5.632,24.892,103.077,36.407,89.027,874.176,1392.123
0802200801,2015 UW14,165.210506266,9.730155042,165.216798526,9.728272066,L,2,23.45,24.9342,,P0802200801OMS403SIMAGE2000.FTZ,D,22.326,-6.779,23.333,106.889,37.966,92.839,857.924,1398.050
0802200801,2006 RL73,164.908456087,10.025962095,164.916417546,10.022881142,L,2,22.47,23.9542,,P0802200801OMS403SIMAGE2000.FTZ,D,28.224,-11.091,30.325,111.454,30.974,97.404,854.855,1403.821
0802200801,2001 UC230,164.889146720,9.897204803,164.899673343,9.894496339,L,2,22.75,24.2342,,P0802200801OMS403SIMAGE2000.FTZ,D,37.332,-9.750,38.584,104.638,22.715,90.587,911.436,1409.801
0802200801,2012 LK7,165.383113766,10.036571798,165.391040044,10.034980190,L,2,23.69,25.1742,,P0802200801OMS403SIMAGE2000.FTZ,D,28.098,-5.730,28.676,101.526,32.623,87.475,907.749,1410.372
0802200801,2007 BP48,164.977717658,10.160703338,164.990297479,10.156543042,L,2,21.82,23.3042,,P0802200801OMS403SIMAGE2000.FTZ,D,44.577,-14.977,47.026,108.571,14.273,94.521,919.551,1420.701
0802200801,2007 TO260,165.104021862,10.195725684,165.107583549,10.194715585,L,2,22.87,24.3542,,P0802200801OMS403SIMAGE2000.FTZ,D,12.620,-3.636,13.133,106.074,48.166,92.024,866.818,1423.269
0802200801,2009 SG269,164.894157296,10.020533349,164.901743862,10.017972389,L,2,23.36,24.8442,,P0802200801OMS403SIMAGE2000.FTZ,D,26.895,-9.219,28.431,108.921,32.867,94.871,899.457,1439.547
0802200801,2005 QE106,165.269068534,10.180992555,165.276501479,10.178918940,L,2,23.12,24.6042,,P0802200801OMS403SIMAGE2000.FTZ,D,26.337,-7.465,27.375,105.825,33.924,91.774,922.732,1449.452
0802200801,2010 RG154,165.190008578,10.198894913,165.196608025,10.195673353,L,2,21.96,23.4442,,P0802200801OMS403SIMAGE2000.FTZ,D,23.383,-11.598,26.101,116.381,35.198,102.331,881.446,1463.495
0802200801,2000 DR107,164.983974279,9.746680625,164.992301536,9.743363951,L,2,20.67,22.1542,,P0802200801OMS403SIMAGE2000.FTZ,D,29.546,-11.940,31.867,112.005,29.432,97.954,942.801,1491.436
0802200801,2006 RT62,165.131830968,9.691932698,165.139654412,9.689271212,L,2,23.27,24.7542,,P0802200801OMS403SIMAGE2000.FTZ,D,27.763,-9.581,29.369,109.040,31.930,94.990,960.719,1499.528
0802200801,2018 DN14,165.427820869,9.966476673,165.440414894,9.962278983,L,2,23.17,24.6542,,P0802200801OMS403SIMAGE2000.FTZ,D,44.655,-15.112,47.142,108.696,14.157,94.646,1029.929,1531.472
0802200801,2023 OX33,164.852714381,10.001327845,164.859346648,9.999727670,L,2,24.30,25.7842,,P0802200801OMS403SIMAGE2000.FTZ,D,23.513,-5.761,24.209,103.766,37.090,89.716,1031.843,1554.601
0802200801,2004 RN16,165.280917569,10.201585431,165.285972722,10.200021768,L,2,22.50,23.9842,,P0802200801OMS403SIMAGE2000.FTZ,D,17.911,-5.629,18.775,107.447,42.524,93.397,1006.646,1558.679
0802200801,2014 HP116,164.855513055,10.038795462,164.863118379,10.037135796,L,2,23.40,24.8842,,P0802200801OMS403SIMAGE2000.FTZ,D,26.960,-5.975,27.614,102.496,33.685,88.445,1049.294,1558.890
0802200801,2001 XQ86,165.434756473,10.028002793,165.442889196,10.026850999,L,2,20.92,22.4042,,P0802200801OMS403SIMAGE2000.FTZ,D,28.831,-4.146,29.127,98.184,32.172,84.134,1076.185,1561.197
0802200801,2020 PT18,165.161995675,10.247773548,165.169661427,10.245886574,L,2,23.52,25.0042,,P0802200801OMS403SIMAGE2000.FTZ,D,27.157,-6.793,27.993,104.044,33.306,89.994,1045.058,1561.638
0802200801,2005 YD128,164.851639966,10.030275901,164.860688879,10.027465308,L,2,21.96,23.4442,,P0802200801OMS403SIMAGE2000.FTZ,D,32.078,-10.118,33.636,107.506,27.663,93.456,1051.557,1574.161
0802200801,2009 SD176,164.889206285,9.833561618,164.895776231,9.830206167,L,2,22.19,23.6742,,P0802200801OMS403SIMAGE2000.FTZ,D,23.304,-12.080,26.249,117.400,35.050,103.349,998.973,1585.818
0802200801,2008 YM113,165.419465316,9.847042015,165.427148725,9.844909147,L,2,22.36,23.8442,,P0802200801OMS403SIMAGE2000.FTZ,D,27.253,-7.678,28.314,105.735,32.985,91.684,1069.471,1593.863
0802200801,2014 JK35,165.239947025,10.241983082,165.247999928,10.239644558,L,2,22.70,24.1842,,P0802200801OMS403SIMAGE2000.FTZ,D,28.529,-8.419,29.745,106.441,31.554,92.391,1080.535,1605.597
0802200801,2002 QQ67,164.875302826,10.091728755,164.882247680,10.089029878,L,2,22.39,23.8742,,P0802200801OMS403SIMAGE2000.FTZ,D,24.615,-9.716,26.463,111.540,34.836,97.490,1054.335,1611.456
0802200801,1999 VG129,164.907860691,9.768522463,164.914333115,9.766017294,L,2,22.09,23.5742,,P0802200801OMS403SIMAGE2000.FTZ,D,22.963,-9.019,24.671,111.442,36.628,97.392,1071.956,1632.171
0802200801,2001 XS253,165.196405165,10.266101249,165.205345282,10.263585352,L,2,22.15,23.6342,,P0802200801OMS403SIMAGE2000.FTZ,D,31.669,-9.057,32.939,105.960,28.360,91.910,1125.339,1641.608
0802200801,Marcks,165.277510727,9.675824505,165.285511788,9.673676873,L,2,19.89,21.3742,,P0802200801OMS403SIMAGE2000.FTZ,D,28.394,-7.731,29.428,105.232,31.871,91.181,1128.667,1648.316
0802200801,2004 HA86,164.941037769,10.204076743,164.949964469,10.201334333,L,2,23.75,25.2342,,P0802200801OMS403SIMAGE2000.FTZ,D,31.628,-9.873,33.133,107.336,28.166,93.285,1128.653,1651.411
0802200801,2000 SY70,165.378174321,9.756763806,165.383334039,9.755112985,L,2,21.60,23.0842,,P0802200801OMS403SIMAGE2000.FTZ,D,18.306,-5.943,19.247,107.985,42.052,93.935,1110.173,1663.952
0802200801,2018 DP2,164.868731735,9.827637859,164.876697569,9.822802325,L,2,22.75,24.2342,,P0802200801OMS403SIMAGE2000.FTZ,D,28.256,-17.408,33.188,121.636,28.111,107.586,1072.436,1666.585
0802200801,2005 QN204,165.213676045,9.646312364,165.220054045,9.644140368,L,2,23.29,24.7742,,P0802200801OMS403SIMAGE2000.FTZ,D,22.636,-7.819,23.949,109.056,37.350,95.006,1153.211,1702.941
0802200801,2094 T-1,164.807315481,9.868356108,164.820177809,9.863657349,L,2,21.15,22.6342,,P0802200801OMS403SIMAGE2000.FTZ,D,45.620,-16.916,48.655,110.345,12.644,96.294,1215.555,1722.314
0802200801,1998 VQ3,165.234705897,9.640953091,165.241735806,9.638611220,L,2,21.82,23.3042,,P0802200801OMS403SIMAGE2000.FTZ,D,24.950,-8.431,26.336,108.670,34.963,94.620,1191.375,1734.399
0802200801,2019 NJ18,164.910563711,9.709523432,164.918358973,9.707204847,L,2,23.47,24.9542,,P0802200801OMS403SIMAGE2000.FTZ,D,27.661,-8.347,28.893,106.792,32.406,92.741,1210.310,1738.828
0802200801,2015 RX383,165.033803383,10.279234838,165.041580855,10.276889187,L,2,23.08,24.5642,,P0802200801OMS403SIMAGE2000.FTZ,D,27.550,-8.444,28.815,107.041,32.484,92.991,1214.183,1744.104
0802200801,2006 BK238,165.447228354,9.817369713,165.454048698,9.815004407,L,2,21.92,23.4042,,P0802200801OMS403SIMAGE2000.FTZ,D,24.194,-8.515,25.649,109.390,35.650,95.339,1201.236,1749.233
0802200801,2001 KK65,165.012649320,9.628247674,165.021650006,9.626910876,L,2,20.88,22.3642,,P0802200801OMS403SIMAGE2000.FTZ,D,31.946,-4.812,32.307,98.567,28.992,84.516,1269.277,1749.844
0802200801,2003 BU34,165.481049660,10.042715214,165.489419475,10.040837461,L,2,21.11,22.5942,,P0802200801OMS403SIMAGE2000.FTZ,D,29.670,-6.760,30.430,102.835,30.869,88.785,1248.285,1753.946
0802200801,2004 TT237,164.829926550,10.087293487,164.834806512,10.085671513,L,2,22.20,23.6842,,P0802200801OMS403SIMAGE2000.FTZ,D,17.296,-5.839,18.255,108.654,43.044,94.604,1197.720,1756.826
0802200801,2015 PW137,164.877518337,10.199391414,164.883953660,10.198837448,L,2,24.12,25.6042,,P0802200801OMS403SIMAGE2000.FTZ,D,22.801,-1.994,22.888,94.999,38.411,80.948,1275.334,1756.896
0802200801,2014 BY81,165.274438780,10.283148280,165.285603785,10.279426961,L,2,23.36,24.8442,,P0802200801OMS403SIMAGE2000.FTZ,D,39.549,-13.397,41.756,108.713,19.543,94.663,1262.233,1774.634
0802200801,2008 HF31,164.880927957,9.707291673,164.894019670,9.703298117,L,2,23.31,24.7942,,P0802200801OMS403SIMAGE2000.FTZ,D,46.456,-14.377,48.629,107.196,12.670,93.145,1284.390,1775.456
0802200801,2015 PV149,165.442919512,9.773884296,165.451063002,9.771523953,L,2,24.21,25.6942,,P0802200801OMS403SIMAGE2000.FTZ,D,28.891,-8.497,30.115,106.389,31.184,92.339,1264.412,1788.474
0802200801,2014 JV146,164.783937040,9.850459938,164.794306565,9.848760252,L,2,24.16,25.6442,,P0802200801OMS403SIMAGE2000.FTZ,D,36.780,-6.119,37.286,99.445,24.013,85.395,1316.043,1791.045
0802200801,2005 SH58,165.429071185,10.169337144,165.439038191,10.165806126,L,2,22.01,23.4942,,P0802200801OMS403SIMAGE2000.FTZ,D,35.318,-12.712,37.536,109.795,23.763,95.745,1277.388,1803.637
0802200801,2016 QO143,165.284528478,9.622036247,165.294169610,9.620056844,L,2,22.84,24.3242,,P0802200801OMS403SIMAGE2000.FTZ,D,34.220,-7.126,34.954,101.763,26.345,87.713,1316.300,1807.552
0802200801,2007 VM258,164.791952335,10.088563144,164.800124798,10.086760464,L,2,23.20,24.6842,,P0802200801OMS403SIMAGE2000.FTZ,D,28.966,-6.490,29.684,102.628,31.615,88.578,1318.860,1824.978
0802200801,2010 NO88,164.992387352,10.270646434,164.997841690,10.268044273,L,2,23.08,24.5642,,P0802200801OMS403SIMAGE2000.FTZ,D,19.321,-9.368,21.472,115.866,39.827,101.816,1240.549,1829.281
0802200801,Piyasiri,164.858835701,9.714830035,164.870476316,9.711103021,L,2,19.56,21.0442,,P0802200801OMS403SIMAGE2000.FTZ,D,41.306,-13.417,43.430,107.995,17.869,93.945,1324.376,1829.838
0802200801,2019 NT63,165.491563725,9.828297648,165.501434050,9.825870431,L,2,23.63,25.1142,,P0802200801OMS403SIMAGE2000.FTZ,D,35.012,-8.738,36.086,104.013,25.213,89.963,1336.075,1836.315
0802200801,2006 RV62,165.449893554,9.759508641,165.460222777,9.755851970,L,2,22.36,23.8442,,P0802200801OMS403SIMAGE2000.FTZ,D,36.647,-13.164,38.940,109.759,22.359,95.708,1317.570,1840.829
0802200801,2018 DA9,165.330570959,9.641997228,165.341902296,9.637577804,L,2,23.34,24.8242,,P0802200801OMS403SIMAGE2000.FTZ,D,40.217,-15.910,43.249,111.584,18.049,97.534,1331.662,1855.429
0802200801,2002 TM15,165.100222799,10.331247162,165.111220563,10.327802160,L,2,21.15,22.6342,,P0802200801OMS403SIMAGE2000.FTZ,D,38.950,-12.402,40.877,107.662,20.422,93.611,1346.576,1855.477
0802200801,2001 SV7,165.443553259,10.176056017,165.453000420,10.172183033,L,2,21.45,22.9342,,P0802200801OMS403SIMAGE2000.FTZ,D,33.475,-13.943,36.263,112.612,25.036,98.562,1332.002,1874.884
0802200801,2016 UC67,165.356033062,9.648474195,165.362837367,9.646783361,L,2,23.78,25.2642,,P0802200801OMS403SIMAGE2000.FTZ,D,24.149,-6.087,24.904,104.147,36.395,90.097,1352.308,1875.581
0802200801,2019 KC14,165.511793486,10.056822981,165.518173812,10.055475478,L,2,23.64,25.1242,,P0802200801OMS403SIMAGE2000.FTZ,D,22.616,-4.851,23.131,102.106,38.168,88.056,1363.371,1879.986
0802200801,2005 TS21,165.425807002,9.713698183,165.433720508,9.711000764,L,2,23.53,25.0142,,P0802200801OMS403SIMAGE2000.FTZ,D,28.080,-9.711,29.712,109.076,31.587,95.026,1344.355,1882.659
0802200801,2009 CO45,165.485930093,10.135328125,165.492583446,10.134066997,L,2,22.51,23.9942,,P0802200801OMS403SIMAGE2000.FTZ,D,23.578,-4.540,24.011,100.899,37.287,86.849,1381.216,1890.034
0802200801,2006 SW176,165.522411892,9.988155439,165.532068899,9.984536699,L,2,23.75,25.2342,,P0802200801OMS403SIMAGE2000.FTZ,D,34.239,-13.027,36.633,110.831,24.666,96.781,1363.760,1896.997
0802200801,2003 HP36,164.756468397,10.000417920,164.764276147,9.997982284,L,2,22.04,23.5242,,P0802200801OMS403SIMAGE2000.FTZ,D,27.681,-8.768,29.036,107.576,32.262,93.526,1367.555,1899.709
0802200801,2001 SX114,165.181481671,10.343809976,165.193976013,10.339190271,L,2,20.54,22.0242,,P0802200801OMS403SIMAGE2000.FTZ,D,44.249,-16.631,47.271,110.599,14.028,96.548,1391.692,1902.489
0802200801,2016 UD67,165.433982651,10.223573176,165.443800952,10.221366298,L,2,22.25,23.7342,,P0802200801OMS403SIMAGE2000.FTZ,D,34.785,-7.945,35.681,102.866,25.618,88.815,1416.090,1911.402
0802200801,2014 HR203,165.537707047,9.852851433,165.549584804,9.851643331,L,2,21.83,23.3142,,P0802200801OMS403SIMAGE2000.FTZ,D,42.129,-4.349,42.353,95.894,18.946,81.844,1467.826,1914.935
0802200801,1999 RT93,165.351700341,9.637587028,165.356602519,9.636165126,L,2,21.33,22.8142,,P0802200801OMS403SIMAGE2000.FTZ,D,17.399,-5.119,18.136,106.394,43.163,92.344,1374.133,1922.178
0802200801,2004 OM17,165.082225070,9.563949060,165.088588845,9.563213900,L,2,23.43,24.9142,,P0802200801OMS403SIMAGE2000.FTZ,D,22.591,-2.647,22.746,96.682,38.553,82.631,1432.600,1922.863
0802200801,2007 DR35,165.520742429,9.957108573,165.528578155,9.953222575,L,2,21.95,23.4342,,P0802200801OMS403SIMAGE2000.FTZ,D,27.784,-13.990,31.107,116.726,30.192,102.675,1350.700,1924.461
0802200801,2005 SY224,164.903321799,9.638307488,164.915301390,9.634517457,L,2,21.33,22.8142,,P0802200801OMS403SIMAGE2000.FTZ,D,42.518,-13.644,44.654,107.792,16.645,93.741,1423.552,1925.548
0802200801,2003 SW81,165.323218188,10.302636371,165.330515622,10.300305719,L,2,22.43,23.9142,,P0802200801OMS403SIMAGE2000.FTZ,D,25.847,-8.390,27.175,107.984,34.124,93.934,1398.532,1936.448
0802200801,2019 KB10,165.297967121,10.329156687,165.306138572,10.327878502,L,2,23.62,25.1042,,P0802200801OMS403SIMAGE2000.FTZ,D,28.941,-4.601,29.304,99.034,31.995,84.984,1449.200,1938.108
0802200801,2015 KE31,164.873588220,10.245695420,164.880570686,10.243427869,L,2,24.36,25.8442,,P0802200801OMS403SIMAGE2000.FTZ,D,24.736,-8.163,26.048,108.263,35.251,94.213,1400.801,1942.367
0802200801,1999 RG221,165.540038041,9.920249555,165.545462618,9.919106384,L,2,21.33,22.8142,,P0802200801OMS403SIMAGE2000.FTZ,D,19.237,-4.115,19.672,102.076,41.627,88.025,1421.382,1944.763
0802200801,2015 KW364,164.897190204,9.647640437,164.908464332,9.642727273,L,2,23.72,25.2042,,P0802200801OMS403SIMAGE2000.FTZ,D,40.013,-17.687,43.748,113.847,17.551,99.797,1411.843,1945.929
0802200801,2009 VN63,164.949370917,10.316091675,164.959778657,10.312930330,L,2,22.76,24.2442,,P0802200801OMS403SIMAGE2000.FTZ,D,36.862,-11.381,38.579,107.157,22.720,93.107,1450.028,1961.002
0802200801,2005 UT360,165.259700467,9.580059032,165.268225936,9.577126225,L,2,24.29,25.7742,,P0802200801OMS403SIMAGE2000.FTZ,D,30.264,-10.558,32.053,109.232,29.246,95.182,1428.694,1963.096
0802200801,2007 FO13,165.528720820,9.825530750,165.537032034,9.823519827,L,2,23.47,24.9542,,P0802200801OMS403SIMAGE2000.FTZ,D,29.482,-7.239,30.357,103.796,30.942,89.746,1460.577,1971.189
0802200801,2000 EU126,164.753635061,10.091938169,164.760978153,10.089760836,L,2,20.03,21.5142,,P0802200801OMS403SIMAGE2000.FTZ,D,26.026,-7.838,27.181,106.761,34.118,92.710,1451.763,1983.551
0802200801,2015 PS115,165.555856990,9.932041947,165.561863574,9.930911950,L,2,24.00,25.4842,,P0802200801OMS403SIMAGE2000.FTZ,D,21.300,-4.068,21.685,100.813,39.614,86.762,1474.940,1987.980
0802200801,Mnajdra,165.206657490,9.560662889,165.213658147,9.558474395,L,2,20.81,22.2942,,P0802200801OMS403SIMAGE2000.FTZ,D,24.852,-7.879,26.071,107.589,35.228,93.539,1451.282,1989.431
0802200801,2005 AH,164.821073003,10.220319652,164.828384622,10.218544762,L,2,22.27,23.7542,,P0802200801OMS403SIMAGE2000.FTZ,D,25.904,-6.390,26.681,103.856,34.618,89.806,1472.610,1990.875
0802200801,2015 PV37,165.096561173,9.555477576,165.104543341,9.552926954,L,2,22.67,24.1542,,P0802200801OMS403SIMAGE2000.FTZ,D,28.337,-9.182,29.788,107.954,31.511,93.904,1459.404,1991.945
0802200801,2015 PH271,165.167811263,9.552162407,165.174947323,9.549841720,L,2,23.04,24.5242,,P0802200801OMS403SIMAGE2000.FTZ,D,25.334,-8.354,26.676,108.251,34.623,94.201,1466.144,2006.395
0802200801,2013 PJ90,165.006114205,9.577660455,165.013288469,9.574697966,L,2,25.67,27.1542,,P0802200801OMS403SIMAGE2000.FTZ,D,25.467,-10.665,27.610,112.722,33.689,98.672,1452.282,2013.019
0802200801,2012 UZ33,164.969892784,9.584130781,164.974757176,9.582757147,L,2,25.50,26.9842,,P0802200801OMS403SIMAGE2000.FTZ,D,17.267,-4.945,17.962,105.981,43.337,91.930,1477.065,2023.392
0802200801,2011 GQ109,165.545217440,10.060941453,165.554555874,10.057280302,L,2,24.07,25.5542,,P0802200801OMS403SIMAGE2000.FTZ,D,33.102,-13.180,35.629,111.711,25.670,97.661,1485.764,2025.407
0802200801,2013 WY132,164.914261717,9.603553130,164.925242803,9.599537919,L,2,23.77,25.2542,,P0802200801OMS403SIMAGE2000.FTZ,D,38.978,-14.455,41.572,110.347,19.727,96.296,1507.362,2028.298
0802200801,2006 HW46,164.935403385,9.586717293,164.944643430,9.583916605,L,2,22.44,23.9242,,P0802200801OMS403SIMAGE2000.FTZ,D,32.800,-10.082,34.314,107.087,26.984,93.037,1521.883,2041.035
0802200801,2007 VF52,164.734031918,10.055956802,164.739814131,10.053857456,L,2,22.84,24.3242,,P0802200801OMS403SIMAGE2000.FTZ,D,20.496,-7.558,21.845,110.241,39.454,96.190,1484.393,2044.251
0802200801,2009 EM10,165.529229471,9.780127367,165.538298935,9.776777262,L,2,21.98,23.4642,,P0802200801OMS403SIMAGE2000.FTZ,D,32.176,-12.060,34.362,110.547,26.937,96.497,1525.906,2062.265
0802200801,2006 DO109,165.496597218,9.744264597,165.503565623,9.740758204,L,2,22.34,23.8242,,P0802200801OMS403SIMAGE2000.FTZ,D,24.724,-12.623,27.760,117.046,33.539,102.996,1481.796,2063.853
0802200801,2018 EN15,165.545626476,9.766681371,165.553646111,9.766037870,L,2,22.77,24.2542,,P0802200801OMS403SIMAGE2000.FTZ,D,28.452,-2.317,28.546,94.655,32.752,80.604,1595.415,2063.942
0802200801,2006 QS144,164.723564188,10.069543120,164.728925520,10.067871593,L,2,22.41,23.8942,,P0802200801OMS403SIMAGE2000.FTZ,D,19.004,-6.017,19.934,107.570,41.365,93.520,1533.402,2083.733
0802200801,2001 UE7,165.578167798,9.901680352,165.585896272,9.899622804,L,2,22.08,23.5642,,P0802200801OMS403SIMAGE2000.FTZ,D,27.408,-7.407,28.391,105.123,32.907,91.073,1567.581,2088.759
0802200801,2004 BF73,165.454525605,9.630830858,165.460217127,9.630573658,L,2,20.85,22.3342,,P0802200801OMS403SIMAGE2000.FTZ,D,20.201,-0.926,20.222,92.624,41.077,78.574,1618.884,2093.908
0802200801,2014 KJ12,165.122601598,9.524539239,165.130491705,9.522051328,L,2,22.80,24.2842,,P0802200801OMS403SIMAGE2000.FTZ,D,28.013,-8.956,29.410,107.730,31.889,93.680,1563.794,2095.972
0802200801,2000 AJ29,165.296335213,9.541312559,165.309001964,9.537246852,L,2,20.70,22.1842,,P0802200801OMS403SIMAGE2000.FTZ,D,44.970,-14.637,47.292,108.029,14.007,93.978,1607.230,2105.136
0802200801,2015 MT82,164.829984371,10.302326415,164.835862407,10.302490945,L,2,23.09,24.5742,,P0802200801OMS403SIMAGE2000.FTZ,D,20.820,0.592,20.828,88.370,40.471,74.320,1660.221,2112.762
0802200801,2004 YH31,165.108448581,9.522360820,165.116064927,9.519687171,L,2,21.66,23.1442,,P0802200801OMS403SIMAGE2000.FTZ,D,27.041,-9.625,28.703,109.593,32.596,95.542,1574.747,2117.651
0802200801,2011 CD156,164.838163116,10.290256259,164.850584006,10.284718798,L,2,23.16,24.6442,,P0802200801OMS403SIMAGE2000.FTZ,D,43.996,-19.935,48.302,114.375,12.997,100.325,1593.133,2120.751
0802200801,2012 RU4,165.590243948,9.945270517,165.597917937,9.942964037,L,2,24.33,25.8142,,P0802200801OMS403SIMAGE2000.FTZ,D,27.211,-8.303,28.450,106.969,32.849,92.919,1597.565,2127.856
0802200801,2006 DR224,165.141685588,9.557575010,165.144051454,9.555439594,L,2,22.34,23.8242,,P0802200801OMS403SIMAGE2000.FTZ,D,8.399,-7.687,11.386,132.468,49.913,118.417,1443.044,2134.957
0802200801,2022 AL29,164.751451314,10.194883750,164.760191720,10.192140373,L,2,23.21,24.6942,,P0802200801OMS403SIMAGE2000.FTZ,D,30.969,-9.876,32.505,107.688,28.793,93.637,1616.570,2142.344
0802200801,2015 RO70,164.692782268,9.890844742,164.699708312,9.888457211,L,2,23.76,25.2442,,P0802200801OMS403SIMAGE2000.FTZ,D,24.563,-8.595,26.024,109.286,35.275,95.235,1605.471,2152.198
0802200801,2001 UX81,164.690941767,10.063213602,164.700757252,10.059897776,L,2,22.24,23.7242,,P0802200801OMS403SIMAGE2000.FTZ,D,34.792,-11.937,36.783,108.937,24.516,94.886,1631.559,2155.022
0802200801,2004 RQ104,165.377745100,10.323562184,165.383190759,10.320743810,L,2,21.02,22.5042,,P0802200801OMS403SIMAGE2000.FTZ,D,19.287,-10.146,21.793,117.747,39.506,103.697,1558.367,2155.862
0802200801,2001 QS16,164.691444837,9.873807648,164.698159271,9.871709478,L,2,21.49,22.9742,,P0802200801OMS403SIMAGE2000.FTZ,D,23.814,-7.553,24.983,107.598,36.316,93.548,1620.888,2161.258
0802200801,2007 UM60,165.515232512,9.698347527,165.523612617,9.695446674,L,2,22.53,24.0142,,P0802200801OMS403SIMAGE2000.FTZ,D,29.737,-10.443,31.518,109.350,29.781,95.300,1629.437,2165.497
0802200801,2005 UK298,164.693568635,9.855421758,164.700657703,9.853153812,L,2,24.00,25.4842,,P0802200801OMS403SIMAGE2000.FTZ,D,25.144,-8.165,26.436,107.989,34.862,93.939,1626.749,2166.168
0802200801,2002 XH53,164.978098235,9.533402896,164.983877385,9.531617466,L,2,21.58,23.0642,,P0802200801OMS403SIMAGE2000.FTZ,D,20.518,-6.428,21.501,107.394,39.798,93.344,1634.807,2181.122
0802200801,2006 QX52,165.336402312,9.550844510,165.343457447,9.547918835,L,2,24.33,25.8142,,P0802200801OMS403SIMAGE2000.FTZ,D,25.047,-10.532,27.171,112.807,34.128,98.757,1625.301,2187.342
0802200801,2003 SK136,164.959939141,9.535229486,164.967072229,9.532942206,L,2,22.33,23.8142,,P0802200801OMS403SIMAGE2000.FTZ,D,25.324,-8.234,26.629,108.012,34.669,93.961,1652.499,2191.646
0802200801,2015 PA39,165.565768541,9.788303309,165.572919287,9.785020313,L,2,24.15,25.6342,,P0802200801OMS403SIMAGE2000.FTZ,D,25.368,-11.819,27.986,114.980,33.313,100.930,1629.783,2201.058
0802200801,2016 XW38,165.607779741,9.980830713,165.614496366,9.978686022,L,2,23.38,24.8642,,P0802200801OMS403SIMAGE2000.FTZ,D,23.814,-7.721,25.034,107.964,36.265,93.913,1659.208,2201.302
0802200801,2012 UG206,165.305193717,9.525769463,165.312309806,9.523392699,L,2,24.48,25.9642,,P0802200801OMS403SIMAGE2000.FTZ,D,25.265,-8.556,26.674,108.710,34.625,94.659,1664.359,2206.904
0802200801,2013 UN8,164.706576288,10.167395713,164.716759707,10.164487326,L,2,23.98,25.4642,,P0802200801OMS403SIMAGE2000.FTZ,D,36.085,-10.470,37.573,106.180,23.726,92.130,1705.708,2213.810
0802200801,2004 TB260,164.733784308,10.191371957,164.739390223,10.189527392,L,2,23.21,24.6942,,P0802200801OMS403SIMAGE2000.FTZ,D,19.863,-6.640,20.944,108.485,40.355,94.435,1669.377,2222.263
0802200801,2023 JF7,165.527593493,10.223950354,165.533672145,10.221910308,L,2,24.41,25.8942,,P0802200801OMS403SIMAGE2000.FTZ,D,21.536,-7.344,22.754,108.831,38.545,94.780,1671.682,2222.673
0802200801,2002 RD260,164.800256327,10.292423634,164.810405719,10.288140966,L,2,22.45,23.9342,,P0802200801OMS403SIMAGE2000.FTZ,D,35.950,-15.418,39.117,113.213,22.182,99.162,1695.527,2235.702
0802200801,2007 TH229,165.457653735,10.308804063,165.461476576,10.307600040,L,2,23.58,25.0642,,P0802200801OMS403SIMAGE2000.FTZ,D,13.540,-4.334,14.217,107.751,47.082,93.701,1687.616,2250.282
0802200801,2001 UV231,165.178756041,10.433644090,165.185880459,10.431294752,L,2,23.77,25.2542,,P0802200801OMS403SIMAGE2000.FTZ,D,25.224,-8.458,26.604,108.536,34.695,94.486,1715.877,2257.696
0802200801,2015 KR219,164.715783026,9.741341508,164.721668239,9.738947130,L,2,24.75,26.2342,,P0802200801OMS403SIMAGE2000.FTZ,D,20.881,-8.620,22.591,112.431,38.708,98.380,1698.223,2267.541
0802200801,2000 AZ238,165.560130770,9.683326523,165.570740075,9.681107927,L,2,20.90,22.3842,,P0802200801OMS403SIMAGE2000.FTZ,D,37.649,-7.987,38.487,101.977,22.812,87.927,1794.077,2279.333
0802200801,2003 OD29,165.204456200,9.467986177,165.212615080,9.466331608,L,2,21.37,22.8542,,P0802200801OMS403SIMAGE2000.FTZ,D,28.972,-5.956,29.578,101.618,31.721,87.567,1779.613,2280.891
0802200801,328P,165.463555835,9.621765935,165.465888381,9.620438211,L,2,32.95,34.4342,,P0802200801OMS403SIMAGE2000.FTZ,D,8.279,-4.780,9.560,119.999,51.739,105.949,1661.929,2295.152
0802200801,1995 WP17,165.495685627,9.621441509,165.501047462,9.619550263,L,2,21.27,22.7542,,P0802200801OMS403SIMAGE2000.FTZ,D,19.031,-6.808,20.212,109.685,41.087,95.634,1747.391,2307.736
0802200801,2020 PU94,165.374564885,9.542117116,165.381052944,9.538627927,L,2,23.41,24.8942,,P0802200801OMS403SIMAGE2000.FTZ,D,23.034,-12.561,26.236,118.605,35.063,104.554,1715.547,2308.445
0802200801,2016 TT140,164.688694209,9.713259266,164.695135809,9.712672001,L,2,23.81,25.2942,,P0802200801OMS403SIMAGE2000.FTZ,D,22.857,-2.114,22.955,95.284,38.344,81.234,1828.255,2311.113
0802200801,2015 PR357,165.165271862,10.450178172,165.171952188,10.448065856,L,2,23.64,25.1242,,P0802200801OMS403SIMAGE2000.FTZ,D,23.650,-7.604,24.843,107.824,36.456,93.774,1772.564,2314.346
0802200801,2010 WH75,165.588962587,9.745030943,165.599363504,9.740174280,L,2,23.59,25.0742,,P0802200801OMS403SIMAGE2000.FTZ,D,36.903,-17.484,40.836,115.351,20.463,101.300,1774.858,2322.285
0802200801,2014 HW214,165.225528362,9.452217151,165.234837032,9.450916594,L,2,23.39,24.8742,,P0802200801OMS403SIMAGE2000.FTZ,D,33.056,-4.682,33.386,98.062,27.913,84.011,1846.486,2322.367
0802200801,2012 TA226,164.819605524,9.578584461,164.826383132,9.576308596,L,2,24.39,25.8742,,P0802200801OMS403SIMAGE2000.FTZ,D,24.059,-8.193,25.416,108.806,35.883,94.755,1779.152,2324.694
0802200801,2014 LY42,164.624706870,10.037834992,164.632653773,10.036680722,L,2,23.00,24.4842,,P0802200801OMS403SIMAGE2000.FTZ,D,28.171,-4.155,28.476,98.391,32.823,84.340,1848.564,2335.913
0802200801,2014 HB293,164.641653713,9.956521694,164.647939079,9.953931451,L,2,23.89,25.3742,,P0802200801OMS403SIMAGE2000.FTZ,D,22.287,-9.325,24.159,112.705,37.140,98.654,1769.147,2336.699
0802200801,2012 XU115,165.483059512,9.563942838,165.494763533,9.562137073,L,2,22.26,23.7442,,P0802200801OMS403SIMAGE2000.FTZ,D,41.549,-6.501,42.054,98.892,19.244,84.842,1874.782,2337.481
0802200801,2005 YX48,164.635603887,9.870438737,164.641977697,9.868824523,L,2,22.35,23.8342,,P0802200801OMS403SIMAGE2000.FTZ,D,22.606,-5.811,23.341,104.416,37.958,90.366,1818.292,2346.038
0802200801,2001 QL203,164.645209432,10.031030350,164.653461530,10.026723418,L,2,22.02,23.5042,,P0802200801OMS403SIMAGE2000.FTZ,D,29.254,-15.505,33.109,117.924,28.190,103.874,1771.649,2347.400
0802200801,2003 UE438,164.871056042,10.390366660,164.877328867,10.388743574,L,2,23.08,24.5642,,P0802200801OMS403SIMAGE2000.FTZ,D,22.212,-5.843,22.968,104.738,38.331,90.688,1825.688,2355.790
0802200801,2008 FG4,164.758251611,9.636398811,164.765609697,9.632891018,L,2,21.60,23.0842,,P0802200801OMS403SIMAGE2000.FTZ,D,26.115,-12.628,29.008,115.806,32.291,101.755,1784.435,2357.794
0802200801,2003 AR35,164.732808780,10.287438723,164.741312165,10.285622444,L,2,20.53,22.0142,,P0802200801OMS403SIMAGE2000.FTZ,D,30.120,-6.539,30.822,102.248,30.477,88.198,1865.881,2367.823
0802200801,2001 SE246,164.622652733,9.944106693,164.629855768,9.941537794,L,2,22.47,23.9542,,P0802200801OMS403SIMAGE2000.FTZ,D,25.541,-9.248,27.164,109.904,34.135,95.854,1835.657,2383.196
0802200801,2002 VH151,165.005623953,10.454911240,165.012939287,10.452619573,L,2,23.34,24.8242,,P0802200801OMS403SIMAGE2000.FTZ,D,25.898,-8.250,27.180,107.670,34.119,93.619,1849.491,2385.824
0802200801,2003 SV324,165.654856471,10.010826164,165.663245673,10.007369561,L,2,23.92,25.4042,,P0802200801OMS403SIMAGE2000.FTZ,D,29.741,-12.444,32.240,112.704,29.059,98.654,1836.518,2387.906
0802200801,Naef,165.403118400,10.398305080,165.411205470,10.394935576,L,2,17.63,19.1142,,P0802200801OMS403SIMAGE2000.FTZ,D,28.635,-12.130,31.099,112.958,30.200,98.907,1836.295,2391.233
0802200801,2007 CH79,164.861796677,10.415741207,164.874391121,10.412527213,L,2,21.45,22.9342,,P0802200801OMS403SIMAGE2000.FTZ,D,44.593,-11.570,46.070,104.546,15.229,90.495,1912.587,2395.521
0802200801,2012 WB15,164.827086348,10.377228912,164.833766288,10.375600508,L,2,23.15,24.6342,,P0802200801OMS403SIMAGE2000.FTZ,D,23.654,-5.862,24.370,103.919,36.929,89.869,1873.099,2396.300
0802200801,1999 TD162,164.942487943,10.442389192,164.950205363,10.440287957,L,2,22.12,23.6042,,P0802200801OMS403SIMAGE2000.FTZ,D,27.323,-7.564,28.350,105.475,32.948,91.425,1877.474,2400.494
0802200801,2014 GG66,165.207446051,10.492176253,165.218199840,10.490711239,L,2,22.90,24.3842,,P0802200801OMS403SIMAGE2000.FTZ,D,38.066,-5.274,38.430,97.888,22.869,83.838,1938.247,2403.172
0802200801,1986 RE5,165.085997388,10.461786068,165.092146717,10.458832647,L,2,20.50,21.9842,,P0802200801OMS403SIMAGE2000.FTZ,D,21.770,-10.632,24.227,116.031,37.072,101.980,1820.975,2405.020
0802200801,2015 ML199,165.670302385,9.876129159,165.681910849,9.872690758,L,2,23.21,24.6942,,P0802200801OMS403SIMAGE2000.FTZ,D,41.171,-12.378,42.992,106.733,18.307,92.683,1911.372,2411.402
0802200801,2012 VS53,165.667975187,9.896400792,165.678035551,9.892973525,L,2,22.78,24.2642,,P0802200801OMS403SIMAGE2000.FTZ,D,35.679,-12.338,37.752,109.076,23.547,95.026,1890.359,2412.582
0802200801,2005 EX297,165.663521962,9.901664883,165.663727911,9.901623680,L,2,23.00,24.4842,,P0802200801OMS403SIMAGE2000.FTZ,D,0.730,-0.148,0.745,101.480,60.554,87.430,1854.442,2412.697
0802200801,2012 AE38,165.670899429,10.040688834,165.679347217,10.038728521,L,2,23.06,24.5442,,P0802200801OMS403SIMAGE2000.FTZ,D,29.946,-7.057,30.767,103.260,30.532,89.210,1907.128,2414.242
0802200801,2017 YU17,165.373858779,9.493040387,165.385950914,9.487201853,L,2,22.69,24.1742,,P0802200801OMS403SIMAGE2000.FTZ,D,42.936,-21.019,47.805,116.083,13.494,102.033,1879.219,2416.373
0802200801,1999 TD239,165.291172693,10.456407160,165.294832758,10.455457229,L,2,22.09,23.5742,,P0802200801OMS403SIMAGE2000.FTZ,D,12.957,-3.420,13.401,104.784,47.898,90.734,1871.180,2420.646
0802200801,2006 UY389,164.617287697,9.886033838,164.623345887,9.883998074,L,2,23.61,25.0942,,P0802200801OMS403SIMAGE2000.FTZ,D,21.486,-7.329,22.701,108.834,38.598,94.784,1874.308,2425.423
0802200801,2004 CS131,165.081057988,9.427635182,165.094737391,9.422309085,L,2,22.77,24.2542,,P0802200801OMS403SIMAGE2000.FTZ,D,48.581,-19.174,52.228,111.538,9.071,97.488,1926.784,2432.364
0802200801,2008 FH12,165.633415718,10.132751848,165.640678867,10.129096561,L,2,22.38,23.8642,,P0802200801OMS403SIMAGE2000.FTZ,D,25.740,-13.159,28.908,117.078,32.391,103.027,1856.991,2436.908
0802200801,1998 SK54,165.599316282,9.710172765,165.603704083,9.708129466,L,2,21.76,23.2442,,P0802200801OMS403SIMAGE2000.FTZ,D,15.570,-7.356,17.220,115.288,44.079,101.238,1853.386,2447.732
0802200801,2010 WL36,165.266903921,9.428548595,165.279864318,9.424461906,L,2,23.11,24.5942,,P0802200801OMS403SIMAGE2000.FTZ,D,46.027,-14.712,48.321,107.726,12.977,93.675,1965.648,2459.980
0802200801,2010 RV213,164.890239807,9.502167794,164.895525560,9.499480268,L,2,23.70,25.1842,,P0802200801OMS403SIMAGE2000.FTZ,D,18.768,-9.675,21.115,117.272,40.184,103.221,1869.048,2465.524
0802200801,2008 YM176,164.954738875,10.468669030,164.961539970,10.466886156,L,2,23.20,24.6842,,P0802200801OMS403SIMAGE2000.FTZ,D,24.076,-6.418,24.917,104.927,36.382,90.876,1951.643,2478.788
0802200801,2014 KL144,165.598855014,10.272935986,165.610072331,10.269661506,L,2,23.35,24.8342,,P0802200801OMS403SIMAGE2000.FTZ,D,39.735,-11.788,41.447,106.524,19.852,92.473,1985.838,2487.909
0802200801,2011 SM329,165.608828489,9.712407973,165.613558309,9.709510238,L,2,24.70,26.1842,,P0802200801OMS403SIMAGE2000.FTZ,D,16.783,-10.432,19.761,121.863,41.538,107.813,1880.468,2502.608
0802200801,2001 SY311,165.680958689,9.946503348,165.687826184,9.942826019,L,2,21.78,23.2642,,P0802200801OMS403SIMAGE2000.FTZ,D,24.352,-13.238,27.717,118.530,33.582,104.480,1917.627,2507.189
0802200801,2007 UR69,164.638428505,9.732054330,164.644396469,9.730125362,L,2,24.79,26.2742,,P0802200801OMS403SIMAGE2000.FTZ,D,21.176,-6.944,22.285,108.156,39.014,94.106,1959.099,2507.656
0802200801,2002 TL177,164.731137852,9.626699496,164.736194635,9.623332654,L,2,21.40,22.8842,,P0802200801OMS403SIMAGE2000.FTZ,D,17.948,-12.121,21.657,124.032,39.641,109.981,1883.530,2512.719
0802200801,2009 BM68,165.369025234,9.451086849,165.380283135,9.447114564,L,2,22.06,23.5442,,P0802200801OMS403SIMAGE2000.FTZ,D,39.979,-14.300,42.459,109.682,18.840,95.632,2004.809,2520.646
0802200801,2016 WF67,164.604300579,10.118114657,164.612525883,10.115212240,L,2,23.34,24.8242,,P0802200801OMS403SIMAGE2000.FTZ,D,29.151,-10.449,30.967,109.720,30.332,95.669,1982.439,2521.449
0802200801,1999 XF1,165.347593596,10.489507414,165.359536567,10.486989970,L,2,19.07,20.5542,,P0802200801OMS403SIMAGE2000.FTZ,D,42.276,-9.063,43.237,102.099,18.062,88.049,2050.714,2527.083
0802200801,2014 FR67,165.692386799,9.758902322,165.703739549,9.758304124,L,2,21.86,23.3442,,P0802200801OMS403SIMAGE2000.FTZ,D,40.279,-2.154,40.336,93.060,20.963,79.010,2092.258,2529.233
0802200801,2001 CS47,165.329524682,9.456060472,165.336269768,9.452205037,L,2,21.17,22.6542,,P0802200801OMS403SIMAGE2000.FTZ,D,23.952,-13.880,27.683,120.091,33.616,106.040,1931.945,2529.378
0802200801,2015 PW13,164.753528488,9.565317289,164.761028170,9.562234117,L,2,23.27,24.7542,,P0802200801OMS403SIMAGE2000.FTZ,D,26.624,-11.099,28.845,112.631,32.454,98.581,1971.667,2529.480
0802200801,2014 HO49,164.577056005,10.019102578,164.585471981,10.016332713,L,2,22.79,24.2742,,P0802200801OMS403SIMAGE2000.FTZ,D,29.836,-9.972,31.458,108.480,29.841,94.430,2006.017,2537.850
0802200801,2005 AT48,164.554627935,10.004379204,164.565439814,10.002989116,L,2,21.35,22.8342,,P0802200801OMS403SIMAGE2000.FTZ,D,38.331,-5.004,38.656,97.438,22.643,83.388,2076.237,2538.461
0802200801,2008 FX79,164.588205489,10.045019467,164.594051495,10.042877016,L,2,22.42,23.9042,,P0802200801OMS403SIMAGE2000.FTZ,D,20.723,-7.713,22.112,110.415,39.187,96.364,1983.806,2544.001
0802200801,2013 FC37,165.708830529,10.000130716,165.715822419,9.998288068,L,2,23.10,24.5842,,P0802200801OMS403SIMAGE2000.FTZ,D,24.788,-6.634,25.661,104.982,35.638,90.931,2021.588,2547.520
0802200801,1998 XC47,164.587626528,10.090990983,164.595297217,10.088509624,L,2,20.54,22.0242,,P0802200801OMS403SIMAGE2000.FTZ,D,27.187,-8.933,28.617,108.189,32.682,94.138,2015.021,2551.076
0802200801,2020 WY31,165.260774345,9.427369443,165.266139190,9.424641883,L,2,23.89,25.3742,,P0802200801OMS403SIMAGE2000.FTZ,D,19.053,-9.819,21.434,117.265,39.865,103.215,1959.458,2555.262
0802200801,2006 UM155,165.010107132,9.401538783,165.023045352,9.397313583,L,2,21.80,23.2842,,P0802200801OMS403SIMAGE2000.FTZ,D,45.952,-15.211,48.404,108.315,12.895,94.265,2058.601,2555.714
0802200801,2002 CH59,165.308061746,9.431205330,165.315827549,9.427700630,L,2,21.40,22.8842,,P0802200801OMS403SIMAGE2000.FTZ,D,27.579,-12.617,30.328,114.583,30.971,100.533,1991.973,2556.579
0802200801,2000 AB69,165.464193017,10.433236720,165.474103989,10.430964802,L,2,20.78,22.2642,,P0802200801OMS403SIMAGE2000.FTZ,D,35.090,-8.179,36.030,103.121,25.269,89.070,2061.648,2557.536
0802200801,2005 MZ31,165.536470815,9.550642356,165.545163611,9.547908778,L,2,22.32,23.8042,,P0802200801OMS403SIMAGE2000.FTZ,D,30.860,-9.841,32.391,107.687,28.907,93.636,2035.434,2561.430
0802200801,6768 P-L,165.240291390,9.402699856,165.247868773,9.400167514,L,2,22.83,24.3142,,P0802200801OMS403SIMAGE2000.FTZ,D,26.912,-9.116,28.414,108.714,32.885,94.663,2032.740,2571.825
0802200801,2002 QK95,165.638633683,9.663200785,165.647397457,9.660992715,L,2,22.24,23.7242,,P0802200801OMS403SIMAGE2000.FTZ,D,31.102,-7.949,32.102,104.337,29.197,90.286,2065.597,2575.423
0802200801,2008 EP112,165.434787565,10.433028322,165.441772868,10.429735075,L,2,22.23,23.7142,,P0802200801OMS403SIMAGE2000.FTZ,D,24.731,-11.856,27.426,115.612,33.873,101.562,2000.327,2575.880
0802200801,2007 VR341,164.785815301,10.431461960,164.795048515,10.430658123,L,2,22.46,23.9442,,P0802200801OMS403SIMAGE2000.FTZ,D,32.690,-2.894,32.818,95.059,28.481,81.008,2115.480,2577.483
0802200801,2002 QH33,164.620009190,10.209096659,164.627946139,10.206754109,L,2,22.34,23.8242,,P0802200801OMS403SIMAGE2000.FTZ,D,28.121,-8.433,29.358,106.694,31.941,92.643,2051.228,2578.325
0802200801,2022 SJ76,165.272989954,10.515381004,165.276159501,10.514929326,L,2,23.91,25.3942,,P0802200801OMS403SIMAGE2000.FTZ,D,11.219,-1.626,11.336,98.247,49.963,84.197,2060.894,2581.803
0802200801,2014 HH61,165.696864606,9.792186342,165.706792581,9.789169548,L,2,22.72,24.2042,,P0802200801OMS403SIMAGE2000.FTZ,D,35.220,-10.860,36.857,107.138,24.442,93.087,2068.321,2582.642
0802200801,2019 PJ59,165.716256889,9.942515387,165.723410088,9.940168049,L,2,24.86,26.3442,,P0802200801OMS403SIMAGE2000.FTZ,D,25.365,-8.450,26.735,108.426,34.563,94.375,2043.575,2584.578
0802200801,2010 KW61,165.112541448,10.534380958,165.119836451,10.532888886,L,2,22.91,24.3942,,P0802200801OMS403SIMAGE2000.FTZ,D,25.819,-5.371,26.372,101.752,34.927,87.702,2076.912,2585.274
0802200801,2004 RX39,165.362681016,9.440276936,165.367507590,9.438575395,L,2,23.25,24.7342,,P0802200801OMS403SIMAGE2000.FTZ,D,17.140,-6.126,18.202,109.666,43.097,95.615,2023.240,2587.509
0802200801,2013 BF78,165.600493451,10.313011397,165.607972546,10.311075848,L,2,22.34,23.8242,,P0802200801OMS403SIMAGE2000.FTZ,D,26.490,-6.968,27.391,104.737,33.908,90.687,2072.106,2593.357
0802200801,2009 SF66,164.549727967,9.953386843,164.560705651,9.949941493,L,2,21.74,23.2242,,P0802200801OMS403SIMAGE2000.FTZ,D,38.925,-12.403,40.853,107.674,20.446,93.624,2086.872,2595.882
0802200801,1999 VQ166,165.489169470,9.502178799,165.498119348,9.498925642,L,2,21.49,22.9742,,P0802200801OMS403SIMAGE2000.FTZ,D,31.778,-11.711,33.867,110.231,27.432,96.180,2060.527,2596.293
0802200801,2002 CJ90,165.101226289,9.393673606,165.107459573,9.391250510,L,2,21.10,22.5842,,P0802200801OMS403SIMAGE2000.FTZ,D,22.139,-8.723,23.796,111.505,37.503,97.455,2038.403,2600.685
0802200801,2011 SF93,164.990150909,10.504373251,164.997825309,10.500855648,L,2,22.36,23.8442,,P0802200801OMS403SIMAGE2000.FTZ,D,27.165,-12.663,29.972,114.993,31.327,100.943,2033.373,2600.741
0802200801,2014 MD92,165.706877210,9.936081906,165.713014682,9.932854910,L,2,22.85,24.3342,,P0802200801OMS403SIMAGE2000.FTZ,D,21.764,-11.617,24.670,118.093,36.629,104.042,2009.413,2602.882
0802200801,2013 AZ41,164.780527525,9.527438072,164.787222508,9.523576686,L,2,22.51,23.9942,,P0802200801OMS403SIMAGE2000.FTZ,D,23.770,-13.901,27.536,120.320,33.763,106.270,2011.759,2610.633
0802200801,1999 UE48,165.566987354,10.347591053,165.576098460,10.343693952,L,2,20.07,21.5542,,P0802200801OMS403SIMAGE2000.FTZ,D,32.267,-14.030,35.185,113.499,26.114,99.449,2062.090,2611.563
0802200801,2010 UG127,164.622128689,10.226230413,164.631892625,10.221966806,L,2,23.79,25.2742,,P0802200801OMS403SIMAGE2000.FTZ,D,34.592,-15.349,37.844,113.928,23.455,99.877,2067.923,2614.218
0802200801,2003 SD237,165.533321417,9.540605601,165.539401438,9.538171056,L,2,23.48,24.9642,,P0802200801OMS403SIMAGE2000.FTZ,D,21.585,-8.764,23.297,112.099,38.002,98.048,2050.513,2616.758
0802200801,2002 VG137,165.679841387,9.728784403,165.688312827,9.725946948,L,2,23.34,24.8242,,P0802200801OMS403SIMAGE2000.FTZ,D,30.059,-10.215,31.747,108.769,29.552,94.719,2087.787,2620.485
0802200801,2010 NC126,164.636315661,10.261281232,164.643285055,10.259330668,L,2,23.02,24.5042,,P0802200801OMS403SIMAGE2000.FTZ,D,24.689,-7.022,25.668,105.877,35.631,91.827,2092.676,2623.071
0802200801,2011 SC290,165.686833076,9.756777067,165.693838647,9.754136178,L,2,23.34,24.8242,,P0802200801OMS403SIMAGE2000.FTZ,D,24.855,-9.507,26.612,110.932,34.687,96.881,2070.482,2624.264
0802200801,2019 SL65,165.731763307,10.020519018,165.739534584,10.018510073,L,2,24.92,26.4042,,P0802200801OMS403SIMAGE2000.FTZ,D,27.550,-7.232,28.483,104.709,32.816,90.659,2110.488,2629.411
0802200801,2005 RZ45,165.600405382,10.345516942,165.613344277,10.342329313,L,2,22.41,23.8942,,P0802200801OMS403SIMAGE2000.FTZ,D,45.823,-11.475,47.238,104.059,14.061,90.009,2151.803,2629.970
0802200801,2015 OR33,164.567775997,9.834337515,164.575390507,9.831170499,L,2,23.25,24.7342,,P0802200801OMS403SIMAGE2000.FTZ,D,27.010,-11.401,29.317,112.886,31.982,98.835,2078.095,2636.234
0802200801,2014 BP10,165.704744471,9.755861822,165.715986503,9.752105254,L,2,23.44,24.9242,,P0802200801OMS403SIMAGE2000.FTZ,D,39.886,-13.524,42.117,108.729,19.182,94.679,2138.962,2650.722
0802200801,2020 SP121,165.150679940,9.377068780,165.156772012,9.374757565,L,2,25.29,26.7742,,P0802200801OMS403SIMAGE2000.FTZ,D,21.638,-8.320,23.183,111.033,38.116,96.982,2093.480,2654.623
0802200801,2007 AJ35,165.408470538,9.433850654,165.415279866,9.431584168,L,2,23.49,24.9742,,P0802200801OMS403SIMAGE2000.FTZ,D,24.182,-8.159,25.522,108.645,35.777,94.595,2114.832,2659.359
0802200801,2002 PA202,164.960324864,9.393978150,164.969520510,9.390766672,L,2,23.46,24.9442,,P0802200801OMS403SIMAGE2000.FTZ,D,32.661,-11.561,34.646,109.493,26.653,95.443,2130.619,2661.138
0802200801,2002 UU76,165.504073666,10.436500214,165.511288620,10.434700112,L,2,21.70,23.1842,,P0802200801OMS403SIMAGE2000.FTZ,D,25.544,-6.480,26.353,104.235,34.946,90.185,2151.062,2671.876
0802200801,2014 FO79,165.677728546,10.268499873,165.689735100,10.266813761,L,2,22.67,24.1542,,P0802200801OMS403SIMAGE2000.FTZ,D,42.531,-6.070,42.962,98.122,18.337,84.072,2215.961,2672.993
0802200801,2018 DT5,165.303392904,9.376620931,165.312420312,9.374626511,L,2,22.60,24.0842,,P0802200801OMS403SIMAGE2000.FTZ,D,32.065,-7.180,32.859,102.622,28.440,88.571,2173.756,2673.493
0802200801,2010 OG115,165.127729734,9.377090425,165.132063525,9.375201070,L,2,23.24,24.7242,,P0802200801OMS403SIMAGE2000.FTZ,D,15.393,-6.802,16.829,113.839,44.470,99.788,2092.919,2680.801
0802200801,2005 TW73,164.527824178,10.005040630,164.535059651,10.003691247,L,2,20.94,22.4242,,P0802200801OMS403SIMAGE2000.FTZ,D,25.652,-4.858,26.108,100.723,35.191,86.673,2177.485,2681.233
0802200801,2004 FW53,164.630297056,9.638483811,164.637264755,9.636310627,L,2,22.68,24.1642,,P0802200801OMS403SIMAGE2000.FTZ,D,24.730,-7.823,25.938,107.555,35.361,93.505,2144.630,2682.876
0802200801,2003 SX83,164.888681303,9.415787683,164.896903869,9.412916845,L,2,22.10,23.5842,,P0802200801OMS403SIMAGE2000.FTZ,D,29.203,-10.335,30.977,109.489,30.321,95.439,2148.083,2685.920
0802200801,2020 OX116,165.666290320,9.685508835,165.671491517,9.683191321,L,2,23.96,25.4442,,P0802200801OMS403SIMAGE2000.FTZ,D,18.457,-8.343,20.255,114.324,41.043,100.273,2106.214,2689.667
0802200801,2006 DP221,165.555182704,10.410121388,165.563576706,10.408419857,L,2,23.21,24.6942,,P0802200801OMS403SIMAGE2000.FTZ,D,29.721,-6.126,30.346,101.646,30.953,87.595,2194.495,2694.378
0802200801,2015 VT16,164.717112225,9.540486929,164.722148457,9.538615526,L,2,24.75,26.2342,,P0802200801OMS403SIMAGE2000.FTZ,D,17.880,-6.737,19.107,110.646,42.192,96.596,2127.555,2694.918
0802200801,2020 YE8,165.479994329,10.473153954,165.493295635,10.469393875,L,2,23.38,24.8642,,P0802200801OMS403SIMAGE2000.FTZ,D,47.087,-13.536,48.994,106.038,12.305,91.988,2213.355,2697.905
0802200801,2019 NV19,164.546428646,10.112699048,164.553112438,10.111042599,L,2,24.76,26.2442,,P0802200801OMS403SIMAGE2000.FTZ,D,23.688,-5.963,24.427,104.130,36.872,90.080,2177.805,2701.947
0802200801,2015 FJ298,165.028274466,10.559022906,165.036330487,10.557326102,L,2,23.19,24.6742,,P0802200801OMS403SIMAGE2000.FTZ,D,28.511,-6.108,29.158,102.093,32.141,88.043,2198.687,2703.182
0802200801,2015 MV58,165.763744163,9.935109852,165.772532841,9.933411906,L,2,21.80,23.2842,,P0802200801OMS403SIMAGE2000.FTZ,D,31.165,-6.113,31.759,101.097,29.540,87.047,2215.629,2709.942
0802200801,2018 AP18,164.695226424,9.569068509,164.698399588,9.567663858,L,2,23.25,24.7342,,P0802200801OMS403SIMAGE2000.FTZ,D,11.264,-5.057,12.347,114.176,48.951,100.125,2115.460,2713.990
0802200801,2001 BL9,165.352317776,10.527398687,165.363394357,10.522148245,L,2,20.00,21.4842,,P0802200801OMS403SIMAGE2000.FTZ,D,39.205,-18.902,43.523,115.740,17.775,101.689,2179.012,2723.010
0802200801,2020 RM55,164.527841585,9.970473446,164.535206045,9.967449528,L,2,23.42,24.9042,,P0802200801OMS403SIMAGE2000.FTZ,D,26.112,-10.886,28.290,112.631,33.009,98.581,2171.127,2730.050
0802200801,2000 SU37,165.749929922,9.829359626,165.758763675,9.826784530,L,2,22.32,23.8042,,P0802200801OMS403SIMAGE2000.FTZ,D,31.335,-9.270,32.677,106.481,28.622,92.430,2214.963,2734.358
0802200801,2008 GG67,164.902374831,10.527187041,164.910980618,10.524567009,L,2,22.73,24.2142,,P0802200801OMS403SIMAGE2000.FTZ,D,30.460,-9.432,31.886,107.206,29.412,93.155,2212.289,2736.890
0802200801,2011 BB199,165.444276597,9.407520292,165.456282123,9.404739789,L,2,22.92,24.4042,,P0802200801OMS403SIMAGE2000.FTZ,D,42.639,-10.010,43.798,103.211,17.501,89.161,2263.015,2743.822
0802200801,2023 QJ134,165.719356124,9.720439015,165.722554318,9.719847032,L,2,23.05,24.5342,,P0802200801OMS403SIMAGE2000.FTZ,D,11.348,-2.131,11.547,100.636,49.752,86.586,2218.378,2750.810
0802200801,2010 TS229,164.897472517,9.391214162,164.903633616,9.389336931,L,2,23.24,24.7242,,P0802200801OMS403SIMAGE2000.FTZ,D,21.883,-6.758,22.903,107.162,38.396,93.112,2216.395,2758.747
0802200801,1997 EA10,165.691956965,10.220952348,165.700476175,10.215589152,L,2,21.19,22.6742,,P0802200801OMS403SIMAGE2000.FTZ,D,30.183,-19.308,35.830,122.607,25.469,108.556,2171.815,2765.534
0802200801,2016 PA24,165.640593845,10.353148099,165.651466059,10.349968788,L,2,23.48,24.9642,,P0802200801OMS403SIMAGE2000.FTZ,D,38.503,-11.446,40.168,106.555,21.131,92.505,2276.430,2781.216
0802200801,2015 ON170,165.403577115,9.390226569,165.412505223,9.387134748,L,2,23.28,24.7642,,P0802200801OMS403SIMAGE2000.FTZ,D,31.711,-11.131,33.607,109.341,27.692,95.291,2251.864,2783.701
0802200801,2007 RL328,165.231067527,9.346599165,165.237511897,9.344161856,L,2,23.91,25.3942,,P0802200801OMS403SIMAGE2000.FTZ,D,22.892,-8.774,24.516,110.972,36.783,96.921,2226.415,2784.587
0802200801,2005 RM,164.918659549,9.378744517,164.925986126,9.375874921,L,2,24.05,25.5342,,P0802200801OMS403SIMAGE2000.FTZ,D,26.023,-10.331,27.999,111.652,33.300,97.601,2231.101,2785.708
0802200801,2002 NU63,164.531226654,10.154877752,164.540112903,10.152245557,L,2,22.15,23.6342,,P0802200801OMS403SIMAGE2000.FTZ,D,31.489,-9.476,32.884,106.748,28.415,92.697,2268.201,2788.517
0802200801,1999 DN8,165.396696735,9.389408695,165.396894666,9.389370067,L,2,26.41,27.8942,,P0802200801OMS403SIMAGE2000.FTZ,D,0.703,-0.139,0.717,101.189,60.582,87.139,2233.198,2790.057
0802200801,2003 UZ243,164.627294727,9.589814993,164.634452446,9.587223859,L,2,21.26,22.7442,,P0802200801OMS403SIMAGE2000.FTZ,D,25.408,-9.328,27.066,110.160,34.233,96.109,2252.479,2801.493
0802200801,2005 EW159,164.555091213,10.194716421,164.561852279,10.192018301,L,2,22.37,23.8542,,P0802200801OMS403SIMAGE2000.FTZ,D,23.956,-9.713,25.850,112.071,35.449,98.020,2241.715,2802.716
0802200801,2019 LE8,165.781338838,9.948578430,165.788728654,9.946456561,L,2,24.28,25.7642,,P0802200801OMS403SIMAGE2000.FTZ,D,26.203,-7.639,27.294,106.252,34.005,92.202,2274.207,2803.226
0802200801,2010 UP130,165.410998527,9.384904006,165.417274542,9.383075809,L,2,22.95,24.4342,,P0802200801OMS403SIMAGE2000.FTZ,D,22.291,-6.582,23.243,106.449,38.056,92.399,2276.264,2814.370
0802200801,2001 FL129,165.383875158,10.553806916,165.394353405,10.550373344,L,2,20.80,22.2842,,P0802200801OMS403SIMAGE2000.FTZ,D,37.084,-12.361,39.090,108.434,22.209,94.384,2310.784,2827.123
0802200801,2015 QC12,165.315981163,9.340658656,165.321362404,9.339547483,L,2,23.13,24.6142,,P0802200801OMS403SIMAGE2000.FTZ,D,19.116,-4.000,19.530,101.819,41.769,87.769,2307.202,2829.585
0802200801,2010 JV43,165.459690931,9.394345445,165.468147970,9.392377229,L,2,22.44,23.9242,,P0802200801OMS403SIMAGE2000.FTZ,D,30.037,-7.086,30.862,103.273,30.437,89.223,2326.691,2833.679
0802200801,2014 KC126,165.207948708,10.602264507,165.215058093,10.600959912,L,2,23.42,24.9042,,P0802200801OMS403SIMAGE2000.FTZ,D,25.157,-4.697,25.592,100.575,35.707,86.524,2331.726,2835.762
0802200801,2005 OH10,165.271449309,9.329574177,165.280100530,9.326840172,L,2,22.20,23.6842,,P0802200801OMS403SIMAGE2000.FTZ,D,30.733,-9.842,32.270,107.758,29.029,93.708,2312.894,2839.491
0802200801,2022 SN336,165.392008822,9.362125879,165.400016227,9.360123830,L,2,25.54,27.0242,,P0802200801OMS403SIMAGE2000.FTZ,D,28.443,-7.207,29.342,104.219,31.957,90.169,2325.664,2840.423
0802200801,1999 YL15,164.621390960,10.352456701,164.627283501,10.350977372,L,2,22.02,23.5042,,P0802200801OMS403SIMAGE2000.FTZ,D,20.868,-5.326,21.537,104.317,39.762,90.266,2324.477,2855.332
0802200801,2020 SD50,164.634338365,9.567533899,164.639447057,9.565516309,L,2,25.34,26.8242,,P0802200801OMS403SIMAGE2000.FTZ,D,18.136,-7.263,19.536,111.826,41.763,97.776,2283.235,2855.640
0802200801,2014 WW142,164.633217453,10.354873300,164.636243531,10.354045921,L,2,22.87,24.3542,,P0802200801OMS403SIMAGE2000.FTZ,D,10.716,-2.979,11.123,105.533,50.176,91.482,2301.539,2859.303
0802200801,2019 GQ197,165.782822657,10.009989696,165.786185585,10.008737446,L,2,22.72,24.2042,,P0802200801OMS403SIMAGE2000.FTZ,D,11.922,-4.508,12.746,110.713,48.553,96.662,2279.541,2859.958
0802200801,2003 NE,164.491904835,10.098474412,164.498697019,10.097202171,L,2,22.55,24.0342,,P0802200801OMS403SIMAGE2000.FTZ,D,24.073,-4.580,24.505,100.772,36.794,86.722,2353.684,2860.881
0802200801,2005 XR30,165.789238632,9.830183938,165.796538437,9.828522387,L,2,22.76,24.2442,,P0802200801OMS403SIMAGE2000.FTZ,D,25.894,-5.982,26.575,103.008,34.723,88.957,2347.861,2862.093
0802200801,2000 SU351,164.532855609,9.666992961,164.540826958,9.666269651,L,2,21.96,23.4442,,P0802200801OMS403SIMAGE2000.FTZ,D,28.289,-2.604,28.409,95.259,32.890,81.209,2393.777,2865.600
0802200801,2006 SW26,165.588000642,9.492965977,165.595864405,9.489726176,L,2,23.41,24.8942,,P0802200801OMS403SIMAGE2000.FTZ,D,27.922,-11.663,30.260,112.671,31.039,98.620,2311.612,2866.791
0802200801,2015 MB147,164.546773567,10.229603864,164.552291295,10.227966756,L,2,23.17,24.6542,,P0802200801OMS403SIMAGE2000.FTZ,D,19.548,-5.894,20.417,106.778,40.882,92.727,2321.679,2867.078
0802200801,2020 SA64,165.799272186,9.997825742,165.808604105,9.994781456,L,2,24.17,25.6542,,P0802200801OMS403SIMAGE2000.FTZ,D,33.085,-10.959,34.853,108.328,26.446,94.277,2344.984,2869.262
0802200801,2013 BJ42,165.007702776,9.304675812,165.014937577,9.304075430,L,2,21.92,23.4042,,P0802200801OMS403SIMAGE2000.FTZ,D,25.703,-2.161,25.793,94.807,35.506,80.756,2397.236,2872.029
0802200801,2016 UO281,165.066485710,10.638791090,165.074471905,10.639830045,L,2,22.48,23.9642,,P0802200801OMS403SIMAGE2000.FTZ,D,28.256,3.740,28.503,82.460,32.796,68.409,2468.725,2876.363
0802200801,2000 ER70,165.628801095,9.448806137,165.655692610,9.460532270,L,2,19.37,20.8542,,P0802200801OMS403SIMAGE2000.FTZ,D,95.494,42.214,104.409,66.152,43.110,52.101,2530.623,2877.350
0802200801,2015 LR35,164.806727928,9.388301969,164.812331023,9.387383936,L,2,24.75,26.2342,,P0802200801OMS403SIMAGE2000.FTZ,D,19.901,-3.305,20.174,99.429,41.125,85.379,2368.574,2877.717
0802200801,2001 UB16,164.477669345,10.024710483,164.486236819,10.022269648,L,2,20.93,22.4142,,P0802200801OMS403SIMAGE2000.FTZ,D,30.372,-8.787,31.618,106.136,29.681,92.085,2358.342,2878.131
0802200801,2014 OU489,165.062649305,10.609170089,165.068113919,10.608054851,L,2,23.25,24.7342,,P0802200801OMS403SIMAGE2000.FTZ,D,19.336,-4.015,19.749,101.730,41.550,87.679,2360.908,2882.405
0802200801,2002 RB69,165.347103916,9.339460736,165.358883460,9.334068816,L,2,21.27,22.7542,,P0802200801OMS403SIMAGE2000.FTZ,D,41.845,-19.411,46.128,114.886,15.171,100.835,2354.322,2888.842
0802200801,1998 PP,165.199877886,9.324608955,165.207016172,9.320534492,L,2,21.02,22.5042,,P0802200801OMS403SIMAGE2000.FTZ,D,25.358,-14.668,29.295,120.046,32.004,105.996,2295.015,2889.002
0802200801,2014 HF92,165.421418697,9.362162091,165.428606591,9.360261623,L,2,23.20,24.6842,,P0802200801OMS403SIMAGE2000.FTZ,D,25.532,-6.842,26.433,105.001,34.866,90.951,2366.908,2891.393
0802200801,2002 NC53,164.864162632,9.356041014,164.870545744,9.354768024,L,2,21.64,23.1242,,P0802200801OMS403SIMAGE2000.FTZ,D,22.674,-4.583,23.132,101.427,38.167,87.376,2378.667,2891.881
0802200801,2009 SC422,164.476877427,10.031817918,164.484896603,10.029411595,L,2,24.52,26.0042,,P0802200801OMS403SIMAGE2000.FTZ,D,28.428,-8.663,29.718,106.947,31.581,92.897,2364.800,2892.446
0802200801,2011 SX146,164.939081776,10.581912440,164.947443489,10.578809586,L,2,22.74,24.2242,,P0802200801OMS403SIMAGE2000.FTZ,D,29.590,-11.170,31.629,110.681,29.670,96.631,2352.573,2895.068
0802200801,2015 GE70,165.320690941,10.587638105,165.329345292,10.584325863,L,2,24.48,25.9642,,P0802200801OMS403SIMAGE2000.FTZ,D,30.625,-11.924,32.865,111.274,28.434,97.223,2352.412,2895.396
0802200801,Kurpfalz,164.799728097,9.392318673,164.807651078,9.389872703,L,2,20.70,22.1842,,P0802200801OMS403SIMAGE2000.FTZ,D,28.140,-8.805,29.486,107.376,31.813,93.325,2368.932,2899.183
0802200801,Lambeaux,165.447365609,9.378631231,165.455439304,9.375645524,L,2,20.55,22.0342,,P0802200801OMS403SIMAGE2000.FTZ,D,28.677,-10.749,30.625,110.547,30.674,96.496,2356.935,2900.764
0802200801,2004 TA118,165.002538842,10.605149560,165.008375505,10.603852501,L,2,21.71,23.1942,,P0802200801OMS403SIMAGE2000.FTZ,D,20.653,-4.669,21.174,102.740,40.125,88.689,2380.669,2904.364
0802200801,2016 UE91,165.577957977,10.454423456,165.586170428,10.451474927,L,2,23.20,24.6842,,P0802200801OMS403SIMAGE2000.FTZ,D,29.074,-10.615,30.951,110.057,30.348,96.006,2365.387,2906.114
0802200801,2016 SU66,165.334460300,10.589013095,165.341531038,10.586863970,L,2,24.47,25.9542,,P0802200801OMS403SIMAGE2000.FTZ,D,25.021,-7.737,26.190,107.182,35.109,93.132,2372.113,2907.990
0802200801,2000 JU36,164.497016759,9.748892386,164.509032258,9.744516267,L,2,20.52,22.0042,,P0802200801OMS403SIMAGE2000.FTZ,D,42.631,-15.754,45.449,110.281,15.850,96.231,2395.731,2908.585
0802200801,2010 TC21,164.771622774,10.498870988,164.776531021,10.497115441,L,2,24.46,25.9442,,P0802200801OMS403SIMAGE2000.FTZ,D,17.374,-6.320,18.488,109.989,42.811,95.939,2345.897,2911.215
0802200801,2005 AV45,165.684332351,10.344366780,165.687743540,10.343630527,L,2,20.52,22.0042,,P0802200801OMS403SIMAGE2000.FTZ,D,12.081,-2.651,12.368,102.375,48.931,88.324,2372.870,2912.353
0802200801,2019 JX64,164.867245379,9.355233446,164.874262580,9.353043036,L,2,23.48,24.9642,,P0802200801OMS403SIMAGE2000.FTZ,D,24.926,-7.885,26.144,107.555,35.155,93.505,2377.880,2915.713
0802200801,2007 BT45,165.420333484,9.350647011,165.428153443,9.348685423,L,2,21.49,22.9742,,P0802200801OMS403SIMAGE2000.FTZ,D,27.778,-7.062,28.661,104.264,32.637,90.213,2403.534,2919.875
0802200801,2005 EO230,164.513703600,10.188771595,164.521584825,10.185642100,L,2,23.21,24.6942,,P0802200801OMS403SIMAGE2000.FTZ,D,27.925,-11.266,30.112,111.971,31.187,97.921,2368.444,2920.422
0802200801,2000 WE103,164.814518558,9.350702994,164.827346976,9.348561557,L,2,19.01,20.4942,,P0802200801OMS403SIMAGE2000.FTZ,D,45.569,-7.709,46.216,99.602,15.083,85.552,2469.597,2927.521
0802200801,2013 WF106,165.399314949,10.578015432,165.407575392,10.575805881,L,2,22.55,24.0342,,P0802200801OMS403SIMAGE2000.FTZ,D,29.232,-7.954,30.295,105.222,31.004,91.172,2412.696,2930.562
0802200801,2007 TS444,165.767329145,10.208453862,165.780194208,10.202563849,L,2,21.73,23.2142,,P0802200801OMS403SIMAGE2000.FTZ,D,45.581,-21.204,50.272,114.947,11.027,100.897,2405.145,2931.683
0802200801,2000 GU61,164.935432454,9.324501518,164.943731874,9.321556272,L,2,21.88,23.3642,,P0802200801OMS403SIMAGE2000.FTZ,D,29.483,-10.603,31.332,109.780,29.967,95.729,2395.761,2934.342
0802200801,2007 EC188,165.805375650,9.825540608,165.813354712,9.823127620,L,2,22.21,23.6942,,P0802200801OMS403SIMAGE2000.FTZ,D,28.303,-8.687,29.606,107.062,31.692,93.012,2408.730,2937.173
0802200801,2014 DD39,165.024142999,9.290336381,165.037074507,9.286078226,L,2,22.71,24.1942,,P0802200801OMS403SIMAGE2000.FTZ,D,45.943,-15.329,48.433,108.452,12.866,94.401,2442.156,2939.894
0802200801,2014 AX56,164.886157129,9.327424277,164.895957078,9.325130064,L,2,22.64,24.1242,,P0802200801OMS403SIMAGE2000.FTZ,D,34.813,-8.259,35.780,103.346,25.519,89.296,2442.464,2939.981
0802200801,2005 UJ314,165.539582721,10.507267269,165.547665652,10.505160575,L,2,22.60,24.0842,,P0802200801OMS403SIMAGE2000.FTZ,D,28.611,-7.584,29.599,104.846,31.700,90.796,2431.305,2948.685
0802200801,2011 UY123,164.766454521,9.403296450,164.773090728,9.400782489,L,2,23.03,24.5142,,P0802200801OMS403SIMAGE2000.FTZ,D,23.569,-9.050,25.247,111.006,36.052,96.956,2399.520,2956.401
0802200801,2009 UW84,165.583322998,10.478984550,165.590659573,10.477005040,L,2,23.62,25.1042,,P0802200801OMS403SIMAGE2000.FTZ,D,25.971,-7.126,26.931,105.344,34.368,91.293,2445.251,2970.453
0802200801,1998 ST90,164.807735105,9.369426718,164.816200794,9.366197054,L,2,21.19,22.6742,,P0802200801OMS403SIMAGE2000.FTZ,D,30.070,-11.627,32.240,111.139,29.059,97.089,2427.069,2970.632
0802200801,2005 BC34,164.927073428,10.604853891,164.930199162,10.604402714,L,2,22.65,24.1342,,P0802200801OMS403SIMAGE2000.FTZ,D,11.060,-1.624,11.179,98.354,50.120,84.304,2451.598,2973.357
0802200801,2014 HL110,164.461115929,10.115565754,164.470021519,10.113361920,L,2,23.12,24.6042,,P0802200801OMS403SIMAGE2000.FTZ,D,31.562,-7.934,32.544,104.110,28.755,90.060,2469.683,2977.493
0802200801,2004 DA72,165.802533706,9.799569861,165.811693993,9.795047532,L,2,22.08,23.5642,,P0802200801OMS403SIMAGE2000.FTZ,D,32.496,-16.280,36.346,116.611,24.953,102.560,2422.281,2984.988
0802200801,1999 NP64,164.790372685,10.560016960,164.797337962,10.559038859,L,2,20.08,21.5642,,P0802200801OMS403SIMAGE2000.FTZ,D,24.650,-3.521,24.901,98.129,36.398,84.079,2497.138,2990.329
0802200801,2000 AP136,165.771193312,10.287288771,165.787712429,10.283488274,L,2,21.15,22.6342,,P0802200801OMS403SIMAGE2000.FTZ,D,58.513,-13.682,60.091,103.161,1.207,89.110,2543.709,2991.675
0802200801,2019 PR71,165.832196872,10.010836245,165.840554679,10.008042269,L,2,23.97,25.4542,,P0802200801OMS403SIMAGE2000.FTZ,D,29.630,-10.058,31.291,108.750,30.008,94.700,2462.897,2996.413
0802200801,2013 FQ6,165.845547215,9.951832483,165.853328824,9.950483842,L,2,22.25,23.7342,,P0802200801OMS403SIMAGE2000.FTZ,D,27.592,-4.855,28.016,99.980,33.283,85.929,2502.383,2998.594
0802200801,2009 SN411,165.584792387,9.432048240,165.593255949,9.429034290,L,2,24.16,25.6442,,P0802200801OMS403SIMAGE2000.FTZ,D,30.057,-10.850,31.955,109.849,29.343,95.799,2468.533,3006.213
0802200801,2019 ND120,165.819838112,10.142577153,165.827584011,10.140847948,L,2,24.65,26.1342,,P0802200801OMS403SIMAGE2000.FTZ,D,27.450,-6.225,28.147,102.778,33.152,88.727,2500.060,3010.001
0802200801,2003 UP138,165.738515900,9.598559103,165.746070549,9.596430181,L,2,22.30,23.7842,,P0802200801OMS403SIMAGE2000.FTZ,D,26.816,-7.664,27.890,105.950,33.409,91.900,2487.484,3013.800
0802200801,2016 WQ35,164.491970089,9.676680427,164.498126005,9.675752013,L,2,23.15,24.6342,,P0802200801OMS403SIMAGE2000.FTZ,D,21.846,-3.342,22.100,98.698,39.199,84.648,2513.822,3015.460
0802200801,2006 SZ325,164.516823977,10.268254541,164.524328883,10.265692283,L,2,23.41,24.8942,,P0802200801OMS403SIMAGE2000.FTZ,D,26.585,-9.224,28.140,109.135,33.159,95.085,2473.862,3015.604
0802200801,2014 EJ52,165.744009335,9.594345673,165.755131282,9.591310187,L,2,22.93,24.4142,,P0802200801OMS403SIMAGE2000.FTZ,D,39.479,-10.928,40.964,105.472,20.335,91.422,2518.286,3016.064
0802200801,2006 SH57,164.841341330,9.337213924,164.851809515,9.332358014,L,2,22.67,24.1542,,P0802200801OMS403SIMAGE2000.FTZ,D,37.186,-17.481,41.090,115.178,20.208,101.128,2476.982,3023.037
0802200801,Helenorman,164.466159838,10.146348204,164.472797213,10.144279756,L,2,21.42,22.9042,,P0802200801OMS403SIMAGE2000.FTZ,D,23.521,-7.446,24.672,107.567,36.627,93.517,2484.011,3024.849
0802200801,2016 NL98,165.203698330,9.253736567,165.212505098,9.252496076,L,2,23.08,24.5642,,P0802200801OMS403SIMAGE2000.FTZ,D,31.292,-4.466,31.609,98.122,29.690,84.072,2545.522,3025.261
0802200801,2015 TY248,164.961083856,10.622251199,164.965804432,10.620829553,L,2,23.48,24.9642,,P0802200801OMS403SIMAGE2000.FTZ,D,16.703,-5.118,17.469,107.036,43.830,92.985,2474.889,3027.474
0802200801,2013 RG38,165.657770775,9.495080853,165.666672992,9.491548035,L,2,24.69,26.1742,,P0802200801OMS403SIMAGE2000.FTZ,D,31.609,-12.718,34.072,111.918,27.227,97.867,2485.011,3028.802
0802200801,2002 GG121,165.790021419,10.242598247,165.798568763,10.240592977,L,2,22.35,23.8342,,P0802200801OMS403SIMAGE2000.FTZ,D,30.280,-7.219,31.129,103.409,30.170,89.359,2522.590,3029.724
0802200801,2009 WL107,164.432887430,10.040384090,164.443375883,10.037159130,L,2,23.04,24.5242,,P0802200801OMS403SIMAGE2000.FTZ,D,37.180,-11.610,38.951,107.341,22.348,93.291,2518.711,3029.862
0802200801,2019 RG103,165.575081061,10.498895540,165.584511393,10.494771155,L,2,23.64,25.1242,,P0802200801OMS403SIMAGE2000.FTZ,D,33.381,-14.848,36.534,113.979,24.765,99.929,2481.637,3030.811
0802200801,2014 HX134,164.772993474,10.547598704,164.779970395,10.545241659,L,2,23.58,25.0642,,P0802200801OMS403SIMAGE2000.FTZ,D,24.693,-8.485,26.110,108.965,35.189,94.914,2487.921,3032.871
0802200801,2005 XT135,165.109978821,9.255118085,165.122627709,9.251130826,L,2,22.76,24.2442,,P0802200801OMS403SIMAGE2000.FTZ,D,44.943,-14.354,47.180,107.713,14.119,93.662,2537.089,3033.637
0802200801,2017 YW28,164.977789394,9.264898354,164.986430041,9.263761629,L,2,22.55,24.0342,,P0802200801OMS403SIMAGE2000.FTZ,D,30.701,-4.092,30.972,97.592,30.327,83.542,2559.988,3038.352
0802200801,2011 ST147,165.228687614,10.646011087,165.235959505,10.643218707,L,2,23.24,24.7242,,P0802200801OMS403SIMAGE2000.FTZ,D,25.728,-10.053,27.622,111.342,33.676,97.291,2493.964,3047.772
0802200801,2016 TL119,165.593148566,10.503132551,165.601266834,10.501125981,L,2,24.19,25.6742,,P0802200801OMS403SIMAGE2000.FTZ,D,28.736,-7.224,29.630,104.111,31.669,90.060,2535.211,3048.849
0802200801,2003 SO71,164.461716099,9.832925108,164.467746040,9.829485038,L,2,22.73,24.2142,,P0802200801OMS403SIMAGE2000.FTZ,D,21.389,-12.384,24.716,120.071,36.583,106.020,2450.507,3053.776
0802200801,2007 RZ382,165.776517415,9.649786079,165.781375772,9.648447181,L,2,23.43,24.9142,,P0802200801OMS403SIMAGE2000.FTZ,D,17.243,-4.820,17.904,105.618,43.395,91.567,2511.770,3056.398
0802200801,2002 QF120,164.432394567,9.875417929,164.440435307,9.872894100,L,2,21.56,23.0442,,P0802200801OMS403SIMAGE2000.FTZ,D,28.518,-9.086,29.930,107.672,31.369,93.621,2526.135,3056.979
0802200801,2007 DN120,165.853303841,9.863150690,165.866525167,9.858827370,L,2,22.84,24.3242,,P0802200801OMS403SIMAGE2000.FTZ,D,46.894,-15.564,49.409,108.361,11.890,94.311,2563.364,3058.696
0802200801,2014 HX275,165.767230157,9.622729763,165.777534657,9.619030405,L,2,23.30,24.7842,,P0802200801OMS403SIMAGE2000.FTZ,D,36.574,-13.318,38.924,110.008,22.375,95.957,2537.900,3062.438
0802200801,2015 PM120,165.564262834,10.527843352,165.572387698,10.525371239,L,2,23.35,24.8342,,P0802200801OMS403SIMAGE2000.FTZ,D,28.757,-8.900,30.103,107.196,31.196,93.145,2542.091,3070.210
0802200801,1997 WT21,165.700960024,9.523967508,165.707879854,9.521707637,L,2,20.25,21.7342,,P0802200801OMS403SIMAGE2000.FTZ,D,24.568,-8.136,25.880,108.322,35.419,94.271,2530.705,3072.900
0802200801,2016 VO,165.803086881,9.677769708,165.809445860,9.676452881,L,2,24.44,25.9242,,P0802200801OMS403SIMAGE2000.FTZ,D,22.567,-4.741,23.059,101.864,38.240,87.813,2557.573,3073.119
0802200801,2008 UZ42,165.858629706,9.991517990,165.866910760,9.989053338,L,2,22.39,23.8742,,P0802200801OMS403SIMAGE2000.FTZ,D,29.360,-8.873,30.671,106.815,30.628,92.765,2552.160,3077.239
0802200801,2015 GM40,165.773232757,10.303606993,165.781829798,10.301329352,L,2,23.67,25.1542,,P0802200801OMS403SIMAGE2000.FTZ,D,30.450,-8.200,31.535,105.071,29.764,91.020,2566.818,3081.447
0802200801,2015 HM56,165.459875204,10.587809582,165.467652980,10.584677914,L,2,24.23,25.7142,,P0802200801OMS403SIMAGE2000.FTZ,D,27.523,-11.274,29.743,112.275,31.556,98.224,2531.971,3086.204
0802200801,Cesarann,165.222017856,9.247005821,165.231196495,9.244161421,L,2,21.97,23.4542,,P0802200801OMS403SIMAGE2000.FTZ,D,32.614,-10.240,34.184,107.431,27.115,93.380,2579.196,3100.329
0802200801,2002 GZ92,165.202446278,9.253826681,165.210836635,9.250318904,L,2,21.70,23.1842,,P0802200801OMS403SIMAGE2000.FTZ,D,29.812,-12.628,32.377,112.957,28.922,98.906,2548.805,3101.181
0802200801,2001 TX7,165.331017029,9.270480092,165.338360411,9.268198115,L,2,22.23,23.7142,,P0802200801OMS403SIMAGE2000.FTZ,D,26.091,-8.215,27.354,107.477,33.945,93.427,2567.908,3102.933
0802200801,2002 NL29,165.786137120,10.297873374,165.796545173,10.294881078,L,2,21.35,22.8342,,P0802200801OMS403SIMAGE2000.FTZ,D,36.866,-10.772,38.407,106.289,22.892,92.238,2599.402,3106.376
0802200801,2020 KP56,165.600392905,9.374534786,165.604071384,9.374811700,L,2,22.85,24.3342,,P0802200801OMS403SIMAGE2000.FTZ,D,13.066,0.997,13.104,85.637,48.195,71.586,2654.758,3109.081
0802200801,2012 WO12,165.859037438,9.836102581,165.867321616,9.833666424,L,2,22.68,24.1642,,P0802200801OMS403SIMAGE2000.FTZ,D,29.385,-8.770,30.666,106.618,30.633,92.568,2589.273,3113.378
0802200801,2015 KE137,165.494474487,10.596332611,165.507750606,10.591865387,L,2,22.14,23.6242,,P0802200801OMS403SIMAGE2000.FTZ,D,46.979,-16.082,49.656,108.897,11.643,94.847,2618.615,3116.135
0802200801,2006 AN35,164.442516140,10.205850375,164.450126604,10.204506513,L,2,22.39,23.8742,,P0802200801OMS403SIMAGE2000.FTZ,D,26.964,-4.838,27.395,100.172,33.904,86.121,2628.003,3126.418
0802200801,2003 UY249,164.416371818,9.982092104,164.423061308,9.979511381,L,2,22.75,24.2342,,P0802200801OMS403SIMAGE2000.FTZ,D,23.718,-9.291,25.472,111.391,35.826,97.341,2568.502,3126.858
0802200801,2003 WJ147,165.783583452,9.602164589,165.792586174,9.599948901,L,2,22.45,23.9342,,P0802200801OMS403SIMAGE2000.FTZ,D,31.956,-7.976,32.936,104.015,28.363,89.965,2621.221,3127.770
0802200801,2006 UQ46,164.483201187,9.644353750,164.490079032,9.642232251,L,2,22.72,24.2042,,P0802200801OMS403SIMAGE2000.FTZ,D,24.410,-7.637,25.577,107.374,35.722,93.323,2590.744,3128.803
0802200801,2009 WK193,164.517671289,10.336426512,164.525052507,10.334045063,L,2,23.35,24.8342,,P0802200801OMS403SIMAGE2000.FTZ,D,26.141,-8.573,27.511,108.157,33.788,94.107,2591.311,3129.421
0802200801,2014 QB486,164.480631090,10.273484194,164.484022749,10.272911632,L,2,24.21,25.6942,,P0802200801OMS403SIMAGE2000.FTZ,D,12.014,-2.061,12.190,99.735,49.109,85.685,2605.282,3131.924
0802200801,1998 SR136,165.871251398,10.056965683,165.879358021,10.054729085,L,2,20.59,22.0742,,P0802200801OMS403SIMAGE2000.FTZ,D,28.736,-8.052,29.842,105.653,31.457,91.603,2617.711,3138.637
0802200801,2013 VT62,164.427239660,10.179384444,164.440202044,10.174864774,L,2,22.80,24.2842,,P0802200801OMS403SIMAGE2000.FTZ,D,45.930,-16.271,48.727,109.507,12.572,95.456,2638.132,3140.556
0802200801,2008 UZ106,165.537876751,9.348487382,165.545175080,9.346207142,L,2,23.86,25.3442,,P0802200801OMS403SIMAGE2000.FTZ,D,25.925,-8.209,27.194,107.570,34.105,93.519,2610.669,3146.476
0802200801,2014 FU47,164.414736928,9.849809871,164.425165136,9.844764188,L,2,21.01,22.4942,,P0802200801OMS403SIMAGE2000.FTZ,D,36.988,-18.164,41.208,116.155,20.091,102.105,2597.210,3147.914
0802200801,2014 OT2,165.807167666,10.271913080,165.813633222,10.270133546,L,2,22.99,24.4742,,P0802200801OMS403SIMAGE2000.FTZ,D,22.903,-6.406,23.782,105.627,37.517,91.577,2618.676,3151.593
0802200801,Dius,165.838688614,10.189810710,165.842342983,10.188769445,L,2,19.88,21.3642,,P0802200801OMS403SIMAGE2000.FTZ,D,12.948,-3.749,13.480,106.146,47.819,92.095,2607.068,3163.184
0802200801,1997 CX19,165.886388713,9.993285455,165.899669984,9.987764554,L,2,19.80,21.2842,,P0802200801OMS403SIMAGE2000.FTZ,D,47.088,-19.875,51.110,112.884,10.189,98.834,2659.373,3173.918
0802200801,2011 OD57,164.449289674,10.204249133,164.454003000,10.202569846,L,2,25.73,27.2142,,P0802200801OMS403SIMAGE2000.FTZ,D,16.700,-6.045,17.760,109.901,43.539,95.850,2608.095,3174.424
0802200801,2016 QK152,165.632528072,10.515585925,165.640947420,10.513159983,L,2,23.90,25.3842,,P0802200801OMS403SIMAGE2000.FTZ,D,29.801,-8.733,31.054,106.334,30.245,92.283,2659.249,3181.155
0802200801,2006 QA126,165.823494709,10.264547197,165.831923171,10.262179854,L,2,23.07,24.5542,,P0802200801OMS403SIMAGE2000.FTZ,D,29.857,-8.522,31.049,105.931,30.249,91.881,2662.653,3182.554
0802200801,1999 DA,164.616449472,9.445892445,164.616631235,9.445853763,L,2,24.60,26.0842,,P0802200801OMS403SIMAGE2000.FTZ,D,0.645,-0.139,0.660,102.174,60.639,88.124,2624.923,3186.820
0802200801,2006 UM49,164.401757863,9.866856125,164.409263071,9.863903464,L,2,23.64,25.1242,,P0802200801OMS403SIMAGE2000.FTZ,D,26.619,-10.630,28.663,111.768,32.636,97.717,2638.801,3192.659
0802200801,2006 DV21,164.607924814,10.472815188,164.615298708,10.470043437,L,2,22.13,23.6142,,P0802200801OMS403SIMAGE2000.FTZ,D,26.104,-9.978,27.946,110.920,33.353,96.869,2641.838,3192.889
0802200801,2014 HC343,164.462732955,10.269085997,164.470888400,10.265929668,L,2,23.41,24.8942,,P0802200801OMS403SIMAGE2000.FTZ,D,28.889,-11.363,31.044,111.471,30.255,97.420,2646.178,3193.789
0802200801,2005 UQ404,164.403005466,9.833914825,164.409287762,9.831979025,L,2,23.46,24.9442,,P0802200801OMS403SIMAGE2000.FTZ,D,22.284,-6.969,23.348,107.366,37.951,93.316,2653.882,3196.361
0802200801,2016 WC25,164.390702303,9.906183147,164.397784557,9.903918628,L,2,23.17,24.6542,,P0802200801OMS403SIMAGE2000.FTZ,D,25.116,-8.152,26.406,107.983,34.893,93.932,2664.402,3203.849
0802200801,2008 GU156,165.445388620,10.643153789,165.455301869,10.639909528,L,2,24.02,25.5042,,P0802200801OMS403SIMAGE2000.FTZ,D,35.074,-11.679,36.967,108.417,24.332,94.367,2691.842,3212.340
0802200801,2015 RF66,165.228102055,9.224714007,165.233750654,9.222720480,L,2,23.31,24.7942,,P0802200801OMS403SIMAGE2000.FTZ,D,20.072,-7.177,21.316,109.674,39.982,95.624,2659.158,3217.243
0802200801,2020 UD70,165.514176715,9.307757078,165.520855962,9.305845218,L,2,24.23,25.7142,,P0802200801OMS403SIMAGE2000.FTZ,D,23.729,-6.883,24.707,106.175,36.592,92.125,2691.628,3225.436
0802200801,2015 TL213,165.199873822,10.695230467,165.206001765,10.692698304,L,2,22.78,24.2642,,P0802200801OMS403SIMAGE2000.FTZ,D,21.677,-9.116,23.516,112.808,37.783,98.757,2660.081,3229.433
0802200801,2016 NT56,165.582288947,10.552155933,165.592437606,10.544358881,L,2,22.73,24.2142,,P0802200801OMS403SIMAGE2000.FTZ,D,35.918,-28.069,45.585,128.007,15.714,113.957,2644.811,3246.023
0802200801,2004 RO86,165.852150387,10.200731225,165.858200948,10.197773651,L,2,21.79,23.2742,,P0802200801OMS403SIMAGE2000.FTZ,D,21.438,-10.647,23.936,116.412,37.363,102.361,2667.799,3254.331
