A_ap_eff_35,A_ap_eff_6,A_bg_eff_35,A_bg_eff_6,aper_sum_35,aper_sum_6,band,bkg_per_pix_35,bkg_per_pix_6,bkg_rms_per_pix_35,bkg_rms_per_pix_6,c2,c2_err,err35,err6,exptime_35,exptime_6,ftz,rate35,rate6,slot,theta_rad,unit_kind_35,unit_kind_6,width_pix,x,y
5911.029296875,1052.62109375,3479.3896484375,1271.5751953125,113156.56246806774,35082.5633464437,UVW1,15.71291381030209,16.10134227598204,2.68615309015073,2.70996135869677,1.1181826170836406,0.029686160403330462,0.1061712649537158,0.049297352152366254,4500.0,4500.0,/Users/eracero/workspace/tfm-viu/temp/c2_ftz/P0781040101OMS008FSIMAGL000.FTZ,4.5060152435778456,4.0297668509014155,1,0.4048917862850826,counts,counts,80.9766824031586,1035.339783993298,816.9953923281631
5911.330078125,1052.67578125,3479.4697265625,1271.51953125,104281.55123116542,26487.47412734013,UVW1,15.815017683091238,16.25927962894602,2.59344231723847,2.6149677695490583,1.151736994924991,0.05484392501271655,0.1022194485929639,0.04424682773533645,4500.0,4500.0,/Users/eracero/workspace/tfm-viu/temp/c2_ftz/P0781040101OMS008FSIMAGL000.FTZ,2.3986136700065397,2.0826053869727037,2,0.4048917862850826,counts,counts,80.9766824031586,383.873435912026,249.1792967047748
5911.029296875,1052.62109375,3479.388671875,1271.5751953125,94579.05964451656,17202.553019006737,UVW1,15.847982074478677,16.030591866475703,2.589380190128313,2.599631801411554,2.7440171514258256,1.9943198654631091,0.09976338356963811,0.038621328700922754,4500.0,4500.0,/Users/eracero/workspace/tfm-viu/temp/c2_ftz/P0781040101OMS008FSIMAGL000.FTZ,0.20026073464961114,0.07298086112382832,3,0.4048917862850826,counts,counts,80.9766824031586,820.8971129900488,415.4626533212802
5911.0302734375,1052.6220703125,3479.3876953125,1271.470703125,102812.0367973838,23482.10368404817,UVW1,16.257120953886368,16.409135035261638,2.687923493237481,2.6031251588243274,1.0815231227754747,0.08224117674261595,0.1037737716953707,0.04246716352744508,4500.0,4500.0,/Users/eracero/workspace/tfm-viu/temp/c2_ftz/P0781040101OMS008FSIMAGL000.FTZ,1.4923783733391902,1.3798857758208185,4,0.4048917862850826,counts,counts,80.9766824031586,841.8992495125822,600.3656634761556
5911.0302734375,1052.6220703125,3479.388671875,1271.5732421875,96388.72763401177,19461.94151767809,UVW1,15.850524717375404,15.921223322240015,2.6310167801765463,2.6459674322890856,0.9973679177771678,0.18108929172007232,0.10106106044073462,0.04032711911774781,4500.0,4500.0,/Users/eracero/workspace/tfm-viu/temp/c2_ftz/P0781040101OMS008FSIMAGL000.FTZ,0.5990658177191961,0.6006467694031437,5,0.4048917862850826,counts,counts,80.9766824031586,490.1949367625133,441.46508674081383
5274.9638671875,939.3779296875,3305.1943359375,1167.1142578125,84527.5925733624,15455.612677278928,UVW1,15.834684223564556,15.90642419658946,2.605937321787824,2.6144230232385897,1.9479379363623823,1.030795232049776,0.09362906059904447,0.03654485817914826,4500.0,4500.0,/Users/eracero/workspace/tfm-viu/temp/c2_ftz/P0781040101OMS008FSIMAGL000.FTZ,0.22226787683009105,0.11410418816790358,1,0.39940863355951567,counts,counts,72.25979455771697,820.8971129900488,415.4626533212802
5274.9638671875,939.3779296875,3305.1943359375,1167.1142578125,84527.5925733624,15455.612677278928,UVW1,15.834684223564556,15.90642419658946,2.605937321787824,2.6144230232385897,1.9479379363623823,1.030795232049776,0.09362906059904447,0.03654485817914826,4500.0,4500.0,/Users/eracero/workspace/tfm-viu/temp/c2_ftz/P0781040101OMS008FSIMAGL000.FTZ,0.22226787683009105,0.11410418816790358,1,0.39940863355951567,counts,counts,72.25979455771697,820.8971129900488,415.4626533212802
5274.96875,939.373046875,3305.1904296875,1167.126953125,92555.36464219447,21656.40937143378,UVW1,16.220739818143322,16.396346165583683,2.6105027208200107,2.6524486744391003,1.117897457231212,0.0763224952314471,0.09580683095277326,0.04072468466233349,4500.0,4500.0,/Users/eracero/workspace/tfm-viu/temp/c2_ftz/P0781040101OMS008FSIMAGL000.FTZ,1.5536597776906145,1.3898052702782693,2,0.39940863355951567,counts,counts,72.25979455771697,841.8992495125822,600.3656634761556
5274.9638671875,939.3779296875,3305.1943359375,1167.1142578125,84527.5925733624,15455.612677278928,UVW1,15.834684223564556,15.90642419658946,2.605937321787824,2.6144230232385897,1.9479379363623823,1.030795232049776,0.09362906059904447,0.03654485817914826,4500.0,4500.0,/Users/eracero/workspace/tfm-viu/temp/c2_ftz/P0781040101OMS008FSIMAGL000.FTZ,0.22226787683009105,0.11410418816790358,1,0.39940863355951567,counts,counts,72.25979455771697,820.8971129900488,415.4626533212802
5274.96875,939.373046875,3305.1904296875,1167.126953125,92555.36464219447,21656.40937143378,UVW1,16.220739818143322,16.396346165583683,2.6105027208200107,2.6524486744391003,1.117897457231212,0.0763224952314471,0.09580683095277326,0.04072468466233349,4500.0,4500.0,/Users/eracero/workspace/tfm-viu/temp/c2_ftz/P0781040101OMS008FSIMAGL000.FTZ,1.5536597776906145,1.3898052702782693,2,0.39940863355951567,counts,counts,72.25979455771697,841.8992495125822,600.3656634761556
5274.9638671875,939.37890625,3305.1953125,1167.11328125,94177.21866562404,24637.637286844663,UVW1,15.840729784120699,16.284118767652878,2.594874705750423,2.6154601214796642,1.1367418505122748,0.051699927063833404,0.0959375757646277,0.042301479539453575,4500.0,4500.0,/Users/eracero/workspace/tfm-viu/temp/c2_ftz/P0781040101OMS008FSIMAGL000.FTZ,2.359542538779222,2.0757065799204013,3,0.39940863355951567,counts,counts,72.25979455771697,383.873435912026,249.1792967047748
5274.9638671875,939.3779296875,3305.1943359375,1167.1142578125,84527.5925733624,15455.612677278928,UVW1,15.834684223564556,15.90642419658946,2.605937321787824,2.6144230232385897,1.9479379363623823,1.030795232049776,0.09362906059904447,0.03654485817914826,4500.0,4500.0,/Users/eracero/workspace/tfm-viu/temp/c2_ftz/P0781040101OMS008FSIMAGL000.FTZ,0.22226787683009105,0.11410418816790358,1,0.39940863355951567,counts,counts,72.25979455771697,820.8971129900488,415.4626533212802
5274.96875,939.373046875,3305.1904296875,1167.126953125,92555.36464219447,21656.40937143378,UVW1,16.220739818143322,16.396346165583683,2.6105027208200107,2.6524486744391003,1.117897457231212,0.0763224952314471,0.09580683095277326,0.04072468466233349,4500.0,4500.0,/Users/eracero/workspace/tfm-viu/temp/c2_ftz/P0781040101OMS008FSIMAGL000.FTZ,1.5536597776906145,1.3898052702782693,2,0.39940863355951567,counts,counts,72.25979455771697,841.8992495125822,600.3656634761556
5274.9638671875,939.37890625,3305.1953125,1167.11328125,94177.21866562404,24637.637286844663,UVW1,15.840729784120699,16.284118767652878,2.594874705750423,2.6154601214796642,1.1367418505122748,0.051699927063833404,0.0959375757646277,0.042301479539453575,4500.0,4500.0,/Users/eracero/workspace/tfm-viu/temp/c2_ftz/P0781040101OMS008FSIMAGL000.FTZ,2.359542538779222,2.0757065799204013,3,0.39940863355951567,counts,counts,72.25979455771697,383.873435912026,249.1792967047748
5274.962890625,939.3720703125,3305.1962890625,1167.126953125,88634.73042607214,18929.250258866698,UVW1,15.95406900943165,16.02433261790001,2.5698779454988285,2.656221503827672,1.1550826874821571,0.12107686689524175,0.09403728422847633,0.0390576680974521,4500.0,4500.0,/Users/eracero/workspace/tfm-viu/temp/c2_ftz/P0781040101OMS008FSIMAGL000.FTZ,0.9950240992999623,0.8614310560475201,4,0.39940863355951567,counts,counts,72.25979455771697,435.215745506177,163.36621861745385
5274.9638671875,939.3779296875,3305.1943359375,1167.1142578125,84527.5925733624,15455.612677278928,UVW1,15.834684223564556,15.90642419658946,2.605937321787824,2.6144230232385897,1.9479379363623823,1.030795232049776,0.09362906059904447,0.03654485817914826,4500.0,4500.0,/Users/eracero/workspace/tfm-viu/temp/c2_ftz/P0781040101OMS008FSIMAGL000.FTZ,0.22226787683009105,0.11410418816790358,1,0.39940863355951567,counts,counts,72.25979455771697,820.8971129900488,415.4626533212802
5274.96875,939.373046875,3305.1904296875,1167.126953125,92555.36464219447,21656.40937143378,UVW1,16.220739818143322,16.396346165583683,2.6105027208200107,2.6524486744391003,1.117897457231212,0.0763224952314471,0.09580683095277326,0.04072468466233349,4500.0,4500.0,/Users/eracero/workspace/tfm-viu/temp/c2_ftz/P0781040101OMS008FSIMAGL000.FTZ,1.5536597776906145,1.3898052702782693,2,0.39940863355951567,counts,counts,72.25979455771697,841.8992495125822,600.3656634761556
5274.9638671875,939.37890625,3305.1953125,1167.11328125,94177.21866562404,24637.637286844663,UVW1,15.840729784120699,16.284118767652878,2.594874705750423,2.6154601214796642,1.1367418505122748,0.051699927063833404,0.0959375757646277,0.042301479539453575,4500.0,4500.0,/Users/eracero/workspace/tfm-viu/temp/c2_ftz/P0781040101OMS008FSIMAGL000.FTZ,2.359542538779222,2.0757065799204013,3,0.39940863355951567,counts,counts,72.25979455771697,383.873435912026,249.1792967047748
5274.962890625,939.3720703125,3305.1962890625,1167.126953125,88634.73042607214,18929.250258866698,UVW1,15.95406900943165,16.02433261790001,2.5698779454988285,2.656221503827672,1.1550826874821571,0.12107686689524175,0.09403728422847633,0.0390576680974521,4500.0,4500.0,/Users/eracero/workspace/tfm-viu/temp/c2_ftz/P0781040101OMS008FSIMAGL000.FTZ,0.9950240992999623,0.8614310560475201,4,0.39940863355951567,counts,counts,72.25979455771697,435.215745506177,163.36621861745385
5274.9638671875,939.3779296875,3305.1943359375,1167.1142578125,84527.5925733624,15455.612677278928,UVW1,15.834684223564556,15.90642419658946,2.605937321787824,2.6144230232385897,1.9479379363623823,1.030795232049776,0.09362906059904447,0.03654485817914826,4500.0,4500.0,/Users/eracero/workspace/tfm-viu/temp/c2_ftz/P0781040101OMS008FSIMAGL000.FTZ,0.22226787683009105,0.11410418816790358,1,0.39940863355951567,counts,counts,72.25979455771697,820.8971129900488,415.4626533212802
5274.96875,939.373046875,3305.1904296875,1167.126953125,92555.36464219447,21656.40937143378,UVW1,16.220739818143322,16.396346165583683,2.6105027208200107,2.6524486744391003,1.117897457231212,0.0763224952314471,0.09580683095277326,0.04072468466233349,4500.0,4500.0,/Users/eracero/workspace/tfm-viu/temp/c2_ftz/P0781040101OMS008FSIMAGL000.FTZ,1.5536597776906145,1.3898052702782693,2,0.39940863355951567,counts,counts,72.25979455771697,841.8992495125822,600.3656634761556
5274.9638671875,939.37890625,3305.1953125,1167.11328125,94177.21866562404,24637.637286844663,UVW1,15.840729784120699,16.284118767652878,2.594874705750423,2.6154601214796642,1.1367418505122748,0.051699927063833404,0.0959375757646277,0.042301479539453575,4500.0,4500.0,/Users/eracero/workspace/tfm-viu/temp/c2_ftz/P0781040101OMS008FSIMAGL000.FTZ,2.359542538779222,2.0757065799204013,3,0.39940863355951567,counts,counts,72.25979455771697,383.873435912026,249.1792967047748
5274.962890625,939.3720703125,3305.1962890625,1167.126953125,88634.73042607214,18929.250258866698,UVW1,15.95406900943165,16.02433261790001,2.5698779454988285,2.656221503827672,1.1550826874821571,0.12107686689524175,0.09403728422847633,0.0390576680974521,4500.0,4500.0,/Users/eracero/workspace/tfm-viu/temp/c2_ftz/P0781040101OMS008FSIMAGL000.FTZ,0.9950240992999623,0.8614310560475201,4,0.39940863355951567,counts,counts,72.25979455771697,435.215745506177,163.36621861745385
5283.2294921875,940.841796875,3307.4794921875,1168.48828125,94676.87691706792,24213.11715605203,UVW1,15.841319307926018,16.431232584658932,2.6118800737228036,2.7824229224977755,1.2546999589537953,0.05678588610892565,0.0964276040121367,0.04295379365784119,4500.0,4500.0,/Users/eracero/workspace/tfm-viu/temp/c2_ftz/P0781040101OMS010FSIMAGL000.FTZ,2.440789234283089,1.9453170591623268,1,0.40335332596039625,counts,counts,72.37314139942745,383.55570974644104,249.3224038096007
5274.9638671875,939.3779296875,3305.1943359375,1167.1142578125,84527.5925733624,15455.612677278928,UVW1,15.834684223564556,15.90642419658946,2.605937321787824,2.6144230232385897,1.9479379363623823,1.030795232049776,0.09362906059904447,0.03654485817914826,4500.0,4500.0,/Users/eracero/workspace/tfm-viu/temp/c2_ftz/P0781040101OMS008FSIMAGL000.FTZ,0.22226787683009105,0.11410418816790358,1,0.39940863355951567,counts,counts,72.25979455771697,820.8971129900488,415.4626533212802
5274.96875,939.373046875,3305.1904296875,1167.126953125,92555.36464219447,21656.40937143378,UVW1,16.220739818143322,16.396346165583683,2.6105027208200107,2.6524486744391003,1.117897457231212,0.0763224952314471,0.09580683095277326,0.04072468466233349,4500.0,4500.0,/Users/eracero/workspace/tfm-viu/temp/c2_ftz/P0781040101OMS008FSIMAGL000.FTZ,1.5536597776906145,1.3898052702782693,2,0.39940863355951567,counts,counts,72.25979455771697,841.8992495125822,600.3656634761556
5274.9638671875,939.37890625,3305.1953125,1167.11328125,94177.21866562404,24637.637286844663,UVW1,15.840729784120699,16.284118767652878,2.594874705750423,2.6154601214796642,1.1367418505122748,0.051699927063833404,0.0959375757646277,0.042301479539453575,4500.0,4500.0,/Users/eracero/workspace/tfm-viu/temp/c2_ftz/P0781040101OMS008FSIMAGL000.FTZ,2.359542538779222,2.0757065799204013,3,0.39940863355951567,counts,counts,72.25979455771697,383.873435912026,249.1792967047748
5274.962890625,939.3720703125,3305.1962890625,1167.126953125,88634.73042607214,18929.250258866698,UVW1,15.95406900943165,16.02433261790001,2.5698779454988285,2.656221503827672,1.1550826874821571,0.12107686689524175,0.09403728422847633,0.0390576680974521,4500.0,4500.0,/Users/eracero/workspace/tfm-viu/temp/c2_ftz/P0781040101OMS008FSIMAGL000.FTZ,0.9950240992999623,0.8614310560475201,4,0.39940863355951567,counts,counts,72.25979455771697,435.215745506177,163.36621861745385
5283.2294921875,940.841796875,3307.4794921875,1168.48828125,94676.87691706792,24213.11715605203,UVW1,15.841319307926018,16.431232584658932,2.6118800737228036,2.7824229224977755,1.2546999589537953,0.05678588610892565,0.0964276040121367,0.04295379365784119,4500.0,4500.0,/Users/eracero/workspace/tfm-viu/temp/c2_ftz/P0781040101OMS010FSIMAGL000.FTZ,2.440789234283089,1.9453170591623268,1,0.40335332596039625,counts,counts,72.37314139942745,383.55570974644104,249.3224038096007
5283.2431640625,940.84375,3307.44921875,1168.4716796875,86967.4249583194,17458.001440159976,UVW1,15.877026787888214,15.868872878903693,2.580722764898311,2.663448517930262,1.2204859412703057,0.18652123353606856,0.09385082775899033,0.038172062454524966,4500.0,4500.0,/Users/eracero/workspace/tfm-viu/temp/c2_ftz/P0781040101OMS010FSIMAGL000.FTZ,0.6856070479048455,0.5617492383330956,2,0.40335332596039625,counts,counts,72.37314139942745,489.9629210458945,441.7386537042701
5274.9638671875,939.3779296875,3305.1943359375,1167.1142578125,84527.5925733624,15455.612677278928,UVW1,15.834684223564556,15.90642419658946,2.605937321787824,2.6144230232385897,1.9479379363623823,1.030795232049776,0.09362906059904447,0.03654485817914826,4500.0,4500.0,/Users/eracero/workspace/tfm-viu/temp/c2_ftz/P0781040101OMS008FSIMAGL000.FTZ,0.22226787683009105,0.11410418816790358,1,0.39940863355951567,counts,counts,72.25979455771697,820.8971129900488,415.4626533212802
5274.96875,939.373046875,3305.1904296875,1167.126953125,92555.36464219447,21656.40937143378,UVW1,16.220739818143322,16.396346165583683,2.6105027208200107,2.6524486744391003,1.117897457231212,0.0763224952314471,0.09580683095277326,0.04072468466233349,4500.0,4500.0,/Users/eracero/workspace/tfm-viu/temp/c2_ftz/P0781040101OMS008FSIMAGL000.FTZ,1.5536597776906145,1.3898052702782693,2,0.39940863355951567,counts,counts,72.25979455771697,841.8992495125822,600.3656634761556
5274.9638671875,939.37890625,3305.1953125,1167.11328125,94177.21866562404,24637.637286844663,UVW1,15.840729784120699,16.284118767652878,2.594874705750423,2.6154601214796642,1.1367418505122748,0.051699927063833404,0.0959375757646277,0.042301479539453575,4500.0,4500.0,/Users/eracero/workspace/tfm-viu/temp/c2_ftz/P0781040101OMS008FSIMAGL000.FTZ,2.359542538779222,2.0757065799204013,3,0.39940863355951567,counts,counts,72.25979455771697,383.873435912026,249.1792967047748
5274.962890625,939.3720703125,3305.1962890625,1167.126953125,88634.73042607214,18929.250258866698,UVW1,15.95406900943165,16.02433261790001,2.5698779454988285,2.656221503827672,1.1550826874821571,0.12107686689524175,0.09403728422847633,0.0390576680974521,4500.0,4500.0,/Users/eracero/workspace/tfm-viu/temp/c2_ftz/P0781040101OMS008FSIMAGL000.FTZ,0.9950240992999623,0.8614310560475201,4,0.39940863355951567,counts,counts,72.25979455771697,435.215745506177,163.36621861745385
5283.2294921875,940.841796875,3307.4794921875,1168.48828125,94676.87691706792,24213.11715605203,UVW1,15.841319307926018,16.431232584658932,2.6118800737228036,2.7824229224977755,1.2546999589537953,0.05678588610892565,0.0964276040121367,0.04295379365784119,4500.0,4500.0,/Users/eracero/workspace/tfm-viu/temp/c2_ftz/P0781040101OMS010FSIMAGL000.FTZ,2.440789234283089,1.9453170591623268,1,0.40335332596039625,counts,counts,72.37314139942745,383.55570974644104,249.3224038096007
5283.2431640625,940.84375,3307.44921875,1168.4716796875,86967.4249583194,17458.001440159976,UVW1,15.877026787888214,15.868872878903693,2.580722764898311,2.663448517930262,1.2204859412703057,0.18652123353606856,0.09385082775899033,0.038172062454524966,4500.0,4500.0,/Users/eracero/workspace/tfm-viu/temp/c2_ftz/P0781040101OMS010FSIMAGL000.FTZ,0.6856070479048455,0.5617492383330956,2,0.40335332596039625,counts,counts,72.37314139942745,489.9629210458945,441.7386537042701
5283.2451171875,940.8564453125,3307.4599609375,1168.474609375,84637.30454552919,15739.28499534633,UVW1,15.93178821576086,16.00594740178285,2.6429899774337104,2.684308449814288,0.6849583616542617,0.6471068176952347,0.09441039502305947,0.03716986414706769,4500.0,4500.0,/Users/eracero/workspace/tfm-viu/temp/c2_ftz/P0781040101OMS010FSIMAGL000.FTZ,0.10350272145450516,0.15110804867690483,3,0.40335332596039625,counts,counts,72.37314139942745,820.3907046325531,415.5707751043098
5274.9638671875,939.3779296875,3305.1943359375,1167.1142578125,84527.5925733624,15455.612677278928,UVW1,15.834684223564556,15.90642419658946,2.605937321787824,2.6144230232385897,1.9479379363623823,1.030795232049776,0.09362906059904447,0.03654485817914826,4500.0,4500.0,/Users/eracero/workspace/tfm-viu/temp/c2_ftz/P0781040101OMS008FSIMAGL000.FTZ,0.22226787683009105,0.11410418816790358,1,0.39940863355951567,counts,counts,72.25979455771697,820.8971129900488,415.4626533212802
5274.96875,939.373046875,3305.1904296875,1167.126953125,92555.36464219447,21656.40937143378,UVW1,16.220739818143322,16.396346165583683,2.6105027208200107,2.6524486744391003,1.117897457231212,0.0763224952314471,0.09580683095277326,0.04072468466233349,4500.0,4500.0,/Users/eracero/workspace/tfm-viu/temp/c2_ftz/P0781040101OMS008FSIMAGL000.FTZ,1.5536597776906145,1.3898052702782693,2,0.39940863355951567,counts,counts,72.25979455771697,841.8992495125822,600.3656634761556
5274.9638671875,939.37890625,3305.1953125,1167.11328125,94177.21866562404,24637.637286844663,UVW1,15.840729784120699,16.284118767652878,2.594874705750423,2.6154601214796642,1.1367418505122748,0.051699927063833404,0.0959375757646277,0.042301479539453575,4500.0,4500.0,/Users/eracero/workspace/tfm-viu/temp/c2_ftz/P0781040101OMS008FSIMAGL000.FTZ,2.359542538779222,2.0757065799204013,3,0.39940863355951567,counts,counts,72.25979455771697,383.873435912026,249.1792967047748
5274.962890625,939.3720703125,3305.1962890625,1167.126953125,88634.73042607214,18929.250258866698,UVW1,15.95406900943165,16.02433261790001,2.5698779454988285,2.656221503827672,1.1550826874821571,0.12107686689524175,0.09403728422847633,0.0390576680974521,4500.0,4500.0,/Users/eracero/workspace/tfm-viu/temp/c2_ftz/P0781040101OMS008FSIMAGL000.FTZ,0.9950240992999623,0.8614310560475201,4,0.39940863355951567,counts,counts,72.25979455771697,435.215745506177,163.36621861745385
5283.2294921875,940.841796875,3307.4794921875,1168.48828125,94676.87691706792,24213.11715605203,UVW1,15.841319307926018,16.431232584658932,2.6118800737228036,2.7824229224977755,1.2546999589537953,0.05678588610892565,0.0964276040121367,0.04295379365784119,4500.0,4500.0,/Users/eracero/workspace/tfm-viu/temp/c2_ftz/P0781040101OMS010FSIMAGL000.FTZ,2.440789234283089,1.9453170591623268,1,0.40335332596039625,counts,counts,72.37314139942745,383.55570974644104,249.3224038096007
5283.2431640625,940.84375,3307.44921875,1168.4716796875,86967.4249583194,17458.001440159976,UVW1,15.877026787888214,15.868872878903693,2.580722764898311,2.663448517930262,1.2204859412703057,0.18652123353606856,0.09385082775899033,0.038172062454524966,4500.0,4500.0,/Users/eracero/workspace/tfm-viu/temp/c2_ftz/P0781040101OMS010FSIMAGL000.FTZ,0.6856070479048455,0.5617492383330956,2,0.40335332596039625,counts,counts,72.37314139942745,489.9629210458945,441.7386537042701
5283.2451171875,940.8564453125,3307.4599609375,1168.474609375,84637.30454552919,15739.28499534633,UVW1,15.93178821576086,16.00594740178285,2.6429899774337104,2.684308449814288,0.6849583616542617,0.6471068176952347,0.09441039502305947,0.03716986414706769,4500.0,4500.0,/Users/eracero/workspace/tfm-viu/temp/c2_ftz/P0781040101OMS010FSIMAGL000.FTZ,0.10350272145450516,0.15110804867690483,3,0.40335332596039625,counts,counts,72.37314139942745,820.3907046325531,415.5707751043098
5283.24609375,940.84375,3307.44140625,1168.4892578125,88638.04631914385,16663.12154283747,UVW1,16.30699081410594,16.568087471328454,2.6479633386572647,2.571848246650534,2.3105835602609686,0.5373704031739998,0.09554443856985974,0.03711641425585982,4500.0,4500.0,/Users/eracero/workspace/tfm-viu/temp/c2_ftz/P0781040101OMS010FSIMAGL000.FTZ,0.5520446221558895,0.2389199991077314,4,0.40335332596039625,counts,counts,72.37314139942745,877.2669660334975,213.63912981452745
5274.9638671875,939.3779296875,3305.1943359375,1167.1142578125,84527.5925733624,15455.612677278928,UVW1,15.834684223564556,15.90642419658946,2.605937321787824,2.6144230232385897,1.9479379363623823,1.030795232049776,0.09362906059904447,0.03654485817914826,4500.0,4500.0,/Users/eracero/workspace/tfm-viu/temp/c2_ftz/P0781040101OMS008FSIMAGL000.FTZ,0.22226787683009105,0.11410418816790358,1,0.39940863355951567,counts,counts,72.25979455771697,820.8971129900488,415.4626533212802
5274.96875,939.373046875,3305.1904296875,1167.126953125,92555.36464219447,21656.40937143378,UVW1,16.220739818143322,16.396346165583683,2.6105027208200107,2.6524486744391003,1.117897457231212,0.0763224952314471,0.09580683095277326,0.04072468466233349,4500.0,4500.0,/Users/eracero/workspace/tfm-viu/temp/c2_ftz/P0781040101OMS008FSIMAGL000.FTZ,1.5536597776906145,1.3898052702782693,2,0.39940863355951567,counts,counts,72.25979455771697,841.8992495125822,600.3656634761556
5274.9638671875,939.37890625,3305.1953125,1167.11328125,94177.21866562404,24637.637286844663,UVW1,15.840729784120699,16.284118767652878,2.594874705750423,2.6154601214796642,1.1367418505122748,0.051699927063833404,0.0959375757646277,0.042301479539453575,4500.0,4500.0,/Users/eracero/workspace/tfm-viu/temp/c2_ftz/P0781040101OMS008FSIMAGL000.FTZ,2.359542538779222,2.0757065799204013,3,0.39940863355951567,counts,counts,72.25979455771697,383.873435912026,249.1792967047748
5274.962890625,939.3720703125,3305.1962890625,1167.126953125,88634.73042607214,18929.250258866698,UVW1,15.95406900943165,16.02433261790001,2.5698779454988285,2.656221503827672,1.1550826874821571,0.12107686689524175,0.09403728422847633,0.0390576680974521,4500.0,4500.0,/Users/eracero/workspace/tfm-viu/temp/c2_ftz/P0781040101OMS008FSIMAGL000.FTZ,0.9950240992999623,0.8614310560475201,4,0.39940863355951567,counts,counts,72.25979455771697,435.215745506177,163.36621861745385
5283.2294921875,940.841796875,3307.4794921875,1168.48828125,94676.87691706792,24213.11715605203,UVW1,15.841319307926018,16.431232584658932,2.6118800737228036,2.7824229224977755,1.2546999589537953,0.05678588610892565,0.0964276040121367,0.04295379365784119,4500.0,4500.0,/Users/eracero/workspace/tfm-viu/temp/c2_ftz/P0781040101OMS010FSIMAGL000.FTZ,2.440789234283089,1.9453170591623268,1,0.40335332596039625,counts,counts,72.37314139942745,383.55570974644104,249.3224038096007
5283.2431640625,940.84375,3307.44921875,1168.4716796875,86967.4249583194,17458.001440159976,UVW1,15.877026787888214,15.868872878903693,2.580722764898311,2.663448517930262,1.2204859412703057,0.18652123353606856,0.09385082775899033,0.038172062454524966,4500.0,4500.0,/Users/eracero/workspace/tfm-viu/temp/c2_ftz/P0781040101OMS010FSIMAGL000.FTZ,0.6856070479048455,0.5617492383330956,2,0.40335332596039625,counts,counts,72.37314139942745,489.9629210458945,441.7386537042701
5283.2451171875,940.8564453125,3307.4599609375,1168.474609375,84637.30454552919,15739.28499534633,UVW1,15.93178821576086,16.00594740178285,2.6429899774337104,2.684308449814288,0.6849583616542617,0.6471068176952347,0.09441039502305947,0.03716986414706769,4500.0,4500.0,/Users/eracero/workspace/tfm-viu/temp/c2_ftz/P0781040101OMS010FSIMAGL000.FTZ,0.10350272145450516,0.15110804867690483,3,0.40335332596039625,counts,counts,72.37314139942745,820.3907046325531,415.5707751043098
5283.24609375,940.84375,3307.44140625,1168.4892578125,88638.04631914385,16663.12154283747,UVW1,16.30699081410594,16.568087471328454,2.6479633386572647,2.571848246650534,2.3105835602609686,0.5373704031739998,0.09554443856985974,0.03711641425585982,4500.0,4500.0,/Users/eracero/workspace/tfm-viu/temp/c2_ftz/P0781040101OMS010FSIMAGL000.FTZ,0.5520446221558895,0.2389199991077314,4,0.40335332596039625,counts,counts,72.37314139942745,877.2669660334975,213.63912981452745
5283.2431640625,940.8447265625,3307.46484375,1168.4853515625,90121.62092706002,19884.490468170494,UVW1,16.12964038921459,16.221310713631766,2.62700280085218,2.645822373155213,1.061013989770475,0.10160011993630078,0.09553560552056338,0.039611638460553454,4500.0,4500.0,/Users/eracero/workspace/tfm-viu/temp/c2_ftz/P0781040101OMS010FSIMAGL000.FTZ,1.0899574671012524,1.0272790722929475,5,0.40335332596039625,counts,counts,72.37314139942745,786.1836957853232,629.1192784443684
5537.291015625,986.103515625,3377.056640625,1210.2236328125,88585.25100661349,16184.430801907554,UVW1,15.859476880888643,15.966316399217552,2.6059320023606314,2.609119755773111,1.7425669701996873,1.189649541696081,0.09631362247047738,0.03742784694801118,4500.0,4500.0,/Users/eracero/workspace/tfm-viu/temp/c2_ftz/P0781040101OMS008FSIMAGL000.FTZ,0.17038048034586892,0.09777557090178542,1,0.4035349350146385,counts,counts,75.85326746868778,820.8971129900488,415.4626533212802
5537.291015625,986.103515625,3377.056640625,1210.2236328125,88585.25100661349,16184.430801907554,UVW1,15.859476880888643,15.966316399217552,2.6059320023606314,2.609119755773111,1.7425669701996873,1.189649541696081,0.09631362247047738,0.03742784694801118,4500.0,4500.0,/Users/eracero/workspace/tfm-viu/temp/c2_ftz/P0781040101OMS008FSIMAGL000.FTZ,0.17038048034586892,0.09777557090178542,1,0.4035349350146385,counts,counts,75.85326746868778,820.8971129900488,415.4626533212802
5537.2666015625,986.0771484375,3377.109375,1210.28125,98261.48636697326,25387.945016702637,UVW1,15.829211908421188,16.298085041988042,2.5951617770894875,2.6276888130281004,1.1389047211817527,0.05319864830441066,0.09855778558988268,0.043172854625230954,4500.0,4500.0,/Users/eracero/workspace/tfm-viu/temp/c2_ftz/P0781040101OMS008FSIMAGL000.FTZ,2.357982208314937,2.070394620779377,2,0.4035349350146385,counts,counts,75.85326746868778,383.873435912026,249.1792967047748
5537.291015625,986.103515625,3377.056640625,1210.2236328125,88585.25100661349,16184.430801907554,UVW1,15.859476880888643,15.966316399217552,2.6059320023606314,2.609119755773111,1.7425669701996873,1.189649541696081,0.09631362247047738,0.03742784694801118,4500.0,4500.0,/Users/eracero/workspace/tfm-viu/temp/c2_ftz/P0781040101OMS008FSIMAGL000.FTZ,0.17038048034586892,0.09777557090178542,1,0.4035349350146385,counts,counts,75.85326746868778,820.8971129900488,415.4626533212802
5537.2666015625,986.0771484375,3377.109375,1210.28125,98261.48636697326,25387.945016702637,UVW1,15.829211908421188,16.298085041988042,2.5951617770894875,2.6276888130281004,1.1389047211817527,0.05319864830441066,0.09855778558988268,0.043172854625230954,4500.0,4500.0,/Users/eracero/workspace/tfm-viu/temp/c2_ftz/P0781040101OMS008FSIMAGL000.FTZ,2.357982208314937,2.070394620779377,2,0.4035349350146385,counts,counts,75.85326746868778,383.873435912026,249.1792967047748
5537.2900390625,986.1025390625,3377.0546875,1210.2177734375,97727.86511407793,25693.58585636411,UVW1,15.522741266839349,15.74982683957235,2.5061749762705885,2.6577423460175638,1.1585515812163654,0.048304905848744376,0.09674554431379896,0.04350935397151072,4500.0,4500.0,/Users/eracero/workspace/tfm-viu/temp/c2_ftz/P0781040101OMS008FSIMAGL000.FTZ,2.6164321151697756,2.2583648044593567,3,0.4035349350146385,counts,counts,75.85326746868778,459.91805062958275,1109.204915273185
5537.291015625,986.103515625,3377.056640625,1210.2236328125,88585.25100661349,16184.430801907554,UVW1,15.859476880888643,15.966316399217552,2.6059320023606314,2.609119755773111,1.7425669701996873,1.189649541696081,0.09631362247047738,0.03742784694801118,4500.0,4500.0,/Users/eracero/workspace/tfm-viu/temp/c2_ftz/P0781040101OMS008FSIMAGL000.FTZ,0.17038048034586892,0.09777557090178542,1,0.4035349350146385,counts,counts,75.85326746868778,820.8971129900488,415.4626533212802
5537.2666015625,986.0771484375,3377.109375,1210.28125,98261.48636697326,25387.945016702637,UVW1,15.829211908421188,16.298085041988042,2.5951617770894875,2.6276888130281004,1.1389047211817527,0.05319864830441066,0.09855778558988268,0.043172854625230954,4500.0,4500.0,/Users/eracero/workspace/tfm-viu/temp/c2_ftz/P0781040101OMS008FSIMAGL000.FTZ,2.357982208314937,2.070394620779377,2,0.4035349350146385,counts,counts,75.85326746868778,383.873435912026,249.1792967047748
5537.2900390625,986.1025390625,3377.0546875,1210.2177734375,97727.86511407793,25693.58585636411,UVW1,15.522741266839349,15.74982683957235,2.5061749762705885,2.6577423460175638,1.1585515812163654,0.048304905848744376,0.09674554431379896,0.04350935397151072,4500.0,4500.0,/Users/eracero/workspace/tfm-viu/temp/c2_ftz/P0781040101OMS008FSIMAGL000.FTZ,2.6164321151697756,2.2583648044593567,3,0.4035349350146385,counts,counts,75.85326746868778,459.91805062958275,1109.204915273185
5537.291015625,986.0830078125,3377.0546875,1210.236328125,107317.50904963538,34057.5451366771,UVW1,15.729090782229962,16.123660725551648,2.693652153961427,2.684663790917862,1.1135944051810809,0.02870064306379409,0.10264950708262072,0.04815378280557567,4500.0,4500.0,/Users/eracero/workspace/tfm-viu/temp/c2_ftz/P0781040101OMS008FSIMAGL000.FTZ,4.493545772720759,4.035172726994857,4,0.4035349350146385,counts,counts,75.85326746868778,1035.339783993298,816.9953923281631
5537.291015625,986.103515625,3377.056640625,1210.2236328125,88585.25100661349,16184.430801907554,UVW1,15.859476880888643,15.966316399217552,2.6059320023606314,2.609119755773111,1.7425669701996873,1.189649541696081,0.09631362247047738,0.03742784694801118,4500.0,4500.0,/Users/eracero/workspace/tfm-viu/temp/c2_ftz/P0781040101OMS008FSIMAGL000.FTZ,0.17038048034586892,0.09777557090178542,1,0.4035349350146385,counts,counts,75.85326746868778,820.8971129900488,415.4626533212802
5537.2666015625,986.0771484375,3377.109375,1210.28125,98261.48636697326,25387.945016702637,UVW1,15.829211908421188,16.298085041988042,2.5951617770894875,2.6276888130281004,1.1389047211817527,0.05319864830441066,0.09855778558988268,0.043172854625230954,4500.0,4500.0,/Users/eracero/workspace/tfm-viu/temp/c2_ftz/P0781040101OMS008FSIMAGL000.FTZ,2.357982208314937,2.070394620779377,2,0.4035349350146385,counts,counts,75.85326746868778,383.873435912026,249.1792967047748
5537.2900390625,986.1025390625,3377.0546875,1210.2177734375,97727.86511407793,25693.58585636411,UVW1,15.522741266839349,15.74982683957235,2.5061749762705885,2.6577423460175638,1.1585515812163654,0.048304905848744376,0.09674554431379896,0.04350935397151072,4500.0,4500.0,/Users/eracero/workspace/tfm-viu/temp/c2_ftz/P0781040101OMS008FSIMAGL000.FTZ,2.6164321151697756,2.2583648044593567,3,0.4035349350146385,counts,counts,75.85326746868778,459.91805062958275,1109.204915273185
5537.291015625,986.0830078125,3377.0546875,1210.236328125,107317.50904963538,34057.5451366771,UVW1,15.729090782229962,16.123660725551648,2.693652153961427,2.684663790917862,1.1135944051810809,0.02870064306379409,0.10264950708262072,0.04815378280557567,4500.0,4500.0,/Users/eracero/workspace/tfm-viu/temp/c2_ftz/P0781040101OMS008FSIMAGL000.FTZ,4.493545772720759,4.035172726994857,4,0.4035349350146385,counts,counts,75.85326746868778,1035.339783993298,816.9953923281631
5537.2646484375,986.0751953125,3377.109375,1210.275390625,92107.92558336258,17102.949053956196,UVW1,16.55604493627465,16.435162903918215,2.6435285577201904,2.674071602159388,0.4826039357909112,0.5002769220269078,0.09794203929212135,0.03842512633984005,4500.0,4500.0,/Users/eracero/workspace/tfm-viu/temp/c2_ftz/P0781040101OMS008FSIMAGL000.FTZ,0.09616071995250726,0.19925390744050836,5,0.4035349350146385,counts,counts,75.85326746868778,877.6000414742455,213.25640111015912
5537.291015625,986.103515625,3377.056640625,1210.2236328125,88585.25100661349,16184.430801907554,UVW1,15.859476880888643,15.966316399217552,2.6059320023606314,2.609119755773111,1.7425669701996873,1.189649541696081,0.09631362247047738,0.03742784694801118,4500.0,4500.0,/Users/eracero/workspace/tfm-viu/temp/c2_ftz/P0781040101OMS008FSIMAGL000.FTZ,0.17038048034586892,0.09777557090178542,1,0.4035349350146385,counts,counts,75.85326746868778,820.8971129900488,415.4626533212802
5537.2666015625,986.0771484375,3377.109375,1210.28125,98261.48636697326,25387.945016702637,UVW1,15.829211908421188,16.298085041988042,2.5951617770894875,2.6276888130281004,1.1389047211817527,0.05319864830441066,0.09855778558988268,0.043172854625230954,4500.0,4500.0,/Users/eracero/workspace/tfm-viu/temp/c2_ftz/P0781040101OMS008FSIMAGL000.FTZ,2.357982208314937,2.070394620779377,2,0.4035349350146385,counts,counts,75.85326746868778,383.873435912026,249.1792967047748
5537.2900390625,986.1025390625,3377.0546875,1210.2177734375,97727.86511407793,25693.58585636411,UVW1,15.522741266839349,15.74982683957235,2.5061749762705885,2.6577423460175638,1.1585515812163654,0.048304905848744376,0.09674554431379896,0.04350935397151072,4500.0,4500.0,/Users/eracero/workspace/tfm-viu/temp/c2_ftz/P0781040101OMS008FSIMAGL000.FTZ,2.6164321151697756,2.2583648044593567,3,0.4035349350146385,counts,counts,75.85326746868778,459.91805062958275,1109.204915273185
5537.291015625,986.0830078125,3377.0546875,1210.236328125,107317.50904963538,34057.5451366771,UVW1,15.729090782229962,16.123660725551648,2.693652153961427,2.684663790917862,1.1135944051810809,0.02870064306379409,0.10264950708262072,0.04815378280557567,4500.0,4500.0,/Users/eracero/workspace/tfm-viu/temp/c2_ftz/P0781040101OMS008FSIMAGL000.FTZ,4.493545772720759,4.035172726994857,4,0.4035349350146385,counts,counts,75.85326746868778,1035.339783993298,816.9953923281631
5537.2646484375,986.0751953125,3377.109375,1210.275390625,92107.92558336258,17102.949053956196,UVW1,16.55604493627465,16.435162903918215,2.6435285577201904,2.674071602159388,0.4826039357909112,0.5002769220269078,0.09794203929212135,0.03842512633984005,4500.0,4500.0,/Users/eracero/workspace/tfm-viu/temp/c2_ftz/P0781040101OMS008FSIMAGL000.FTZ,0.09616071995250726,0.19925390744050836,5,0.4035349350146385,counts,counts,75.85326746868778,877.6000414742455,213.25640111015912
5326.296875,948.5,3319.1064453125,1175.6142578125,95370.40219641663,24354.39648588281,UVW1,15.83071363306251,16.46012518126017,2.6036120387988886,2.77387942568235,1.264168658340487,0.05712800388441693,0.09671563555930013,0.043056537370201216,4500.0,4500.0,/Users/eracero/workspace/tfm-viu/temp/c2_ftz/P0781040101OMS010FSIMAGL000.FTZ,2.455849254136863,1.9426595003238978,1,0.3883187181724657,counts,counts,72.96301156802629,383.55570974644104,249.3224038096007
5537.291015625,986.103515625,3377.056640625,1210.2236328125,88585.25100661349,16184.430801907554,UVW1,15.859476880888643,15.966316399217552,2.6059320023606314,2.609119755773111,1.7425669701996873,1.189649541696081,0.09631362247047738,0.03742784694801118,4500.0,4500.0,/Users/eracero/workspace/tfm-viu/temp/c2_ftz/P0781040101OMS008FSIMAGL000.FTZ,0.17038048034586892,0.09777557090178542,1,0.4035349350146385,counts,counts,75.85326746868778,820.8971129900488,415.4626533212802
5537.2666015625,986.0771484375,3377.109375,1210.28125,98261.48636697326,25387.945016702637,UVW1,15.829211908421188,16.298085041988042,2.5951617770894875,2.6276888130281004,1.1389047211817527,0.05319864830441066,0.09855778558988268,0.043172854625230954,4500.0,4500.0,/Users/eracero/workspace/tfm-viu/temp/c2_ftz/P0781040101OMS008FSIMAGL000.FTZ,2.357982208314937,2.070394620779377,2,0.4035349350146385,counts,counts,75.85326746868778,383.873435912026,249.1792967047748
5537.2900390625,986.1025390625,3377.0546875,1210.2177734375,97727.86511407793,25693.58585636411,UVW1,15.522741266839349,15.74982683957235,2.5061749762705885,2.6577423460175638,1.1585515812163654,0.048304905848744376,0.09674554431379896,0.04350935397151072,4500.0,4500.0,/Users/eracero/workspace/tfm-viu/temp/c2_ftz/P0781040101OMS008FSIMAGL000.FTZ,2.6164321151697756,2.2583648044593567,3,0.4035349350146385,counts,counts,75.85326746868778,459.91805062958275,1109.204915273185
5537.291015625,986.0830078125,3377.0546875,1210.236328125,107317.50904963538,34057.5451366771,UVW1,15.729090782229962,16.123660725551648,2.693652153961427,2.684663790917862,1.1135944051810809,0.02870064306379409,0.10264950708262072,0.04815378280557567,4500.0,4500.0,/Users/eracero/workspace/tfm-viu/temp/c2_ftz/P0781040101OMS008FSIMAGL000.FTZ,4.493545772720759,4.035172726994857,4,0.4035349350146385,counts,counts,75.85326746868778,1035.339783993298,816.9953923281631
5537.2646484375,986.0751953125,3377.109375,1210.275390625,92107.92558336258,17102.949053956196,UVW1,16.55604493627465,16.435162903918215,2.6435285577201904,2.674071602159388,0.4826039357909112,0.5002769220269078,0.09794203929212135,0.03842512633984005,4500.0,4500.0,/Users/eracero/workspace/tfm-viu/temp/c2_ftz/P0781040101OMS008FSIMAGL000.FTZ,0.09616071995250726,0.19925390744050836,5,0.4035349350146385,counts,counts,75.85326746868778,877.6000414742455,213.25640111015912
5326.296875,948.5,3319.1064453125,1175.6142578125,95370.40219641663,24354.39648588281,UVW1,15.83071363306251,16.46012518126017,2.6036120387988886,2.77387942568235,1.264168658340487,0.05712800388441693,0.09671563555930013,0.043056537370201216,4500.0,4500.0,/Users/eracero/workspace/tfm-viu/temp/c2_ftz/P0781040101OMS010FSIMAGL000.FTZ,2.455849254136863,1.9426595003238978,1,0.3883187181724657,counts,counts,72.96301156802629,383.55570974644104,249.3224038096007
5326.2958984375,948.5,3319.3515625,1175.58203125,87635.79486193508,17599.800844742917,UVW1,15.893778523634733,15.842630689794367,2.598157755179692,2.634670360805586,1.1584731690209908,0.18264894036787963,0.09461663909200616,0.03816533280810015,4500.0,4500.0,/Users/eracero/workspace/tfm-viu/temp/c2_ftz/P0781040101OMS010FSIMAGL000.FTZ,0.6624061112945265,0.5717923634384355,2,0.3883187181724657,counts,counts,72.96301156802629,489.9629210458945,441.7386537042701
5537.291015625,986.103515625,3377.056640625,1210.2236328125,88585.25100661349,16184.430801907554,UVW1,15.859476880888643,15.966316399217552,2.6059320023606314,2.609119755773111,1.7425669701996873,1.189649541696081,0.09631362247047738,0.03742784694801118,4500.0,4500.0,/Users/eracero/workspace/tfm-viu/temp/c2_ftz/P0781040101OMS008FSIMAGL000.FTZ,0.17038048034586892,0.09777557090178542,1,0.4035349350146385,counts,counts,75.85326746868778,820.8971129900488,415.4626533212802
5537.2666015625,986.0771484375,3377.109375,1210.28125,98261.48636697326,25387.945016702637,UVW1,15.829211908421188,16.298085041988042,2.5951617770894875,2.6276888130281004,1.1389047211817527,0.05319864830441066,0.09855778558988268,0.043172854625230954,4500.0,4500.0,/Users/eracero/workspace/tfm-viu/temp/c2_ftz/P0781040101OMS008FSIMAGL000.FTZ,2.357982208314937,2.070394620779377,2,0.4035349350146385,counts,counts,75.85326746868778,383.873435912026,249.1792967047748
5537.2900390625,986.1025390625,3377.0546875,1210.2177734375,97727.86511407793,25693.58585636411,UVW1,15.522741266839349,15.74982683957235,2.5061749762705885,2.6577423460175638,1.1585515812163654,0.048304905848744376,0.09674554431379896,0.04350935397151072,4500.0,4500.0,/Users/eracero/workspace/tfm-viu/temp/c2_ftz/P0781040101OMS008FSIMAGL000.FTZ,2.6164321151697756,2.2583648044593567,3,0.4035349350146385,counts,counts,75.85326746868778,459.91805062958275,1109.204915273185
5537.291015625,986.0830078125,3377.0546875,1210.236328125,107317.50904963538,34057.5451366771,UVW1,15.729090782229962,16.123660725551648,2.693652153961427,2.684663790917862,1.1135944051810809,0.02870064306379409,0.10264950708262072,0.04815378280557567,4500.0,4500.0,/Users/eracero/workspace/tfm-viu/temp/c2_ftz/P0781040101OMS008FSIMAGL000.FTZ,4.493545772720759,4.035172726994857,4,0.4035349350146385,counts,counts,75.85326746868778,1035.339783993298,816.9953923281631
5537.2646484375,986.0751953125,3377.109375,1210.275390625,92107.92558336258,17102.949053956196,UVW1,16.55604493627465,16.435162903918215,2.6435285577201904,2.674071602159388,0.4826039357909112,0.5002769220269078,0.09794203929212135,0.03842512633984005,4500.0,4500.0,/Users/eracero/workspace/tfm-viu/temp/c2_ftz/P0781040101OMS008FSIMAGL000.FTZ,0.09616071995250726,0.19925390744050836,5,0.4035349350146385,counts,counts,75.85326746868778,877.6000414742455,213.25640111015912
5326.296875,948.5,3319.1064453125,1175.6142578125,95370.40219641663,24354.39648588281,UVW1,15.83071363306251,16.46012518126017,2.6036120387988886,2.77387942568235,1.264168658340487,0.05712800388441693,0.09671563555930013,0.043056537370201216,4500.0,4500.0,/Users/eracero/workspace/tfm-viu/temp/c2_ftz/P0781040101OMS010FSIMAGL000.FTZ,2.455849254136863,1.9426595003238978,1,0.3883187181724657,counts,counts,72.96301156802629,383.55570974644104,249.3224038096007
5326.2958984375,948.5,3319.3515625,1175.58203125,87635.79486193508,17599.800844742917,UVW1,15.893778523634733,15.842630689794367,2.598157755179692,2.634670360805586,1.1584731690209908,0.18264894036787963,0.09461663909200616,0.03816533280810015,4500.0,4500.0,/Users/eracero/workspace/tfm-viu/temp/c2_ftz/P0781040101OMS010FSIMAGL000.FTZ,0.6624061112945265,0.5717923634384355,2,0.3883187181724657,counts,counts,72.96301156802629,489.9629210458945,441.7386537042701
5326.296875,948.595703125,3319.2275390625,1175.408203125,103103.6228754269,33475.63616190385,UVW1,15.578359131655512,16.172706450819547,2.5537365145063458,2.6036907930708706,1.1099785271544196,0.027524639602995397,0.09777255121811129,0.04719080413499851,4500.0,4500.0,/Users/eracero/workspace/tfm-viu/temp/c2_ftz/P0781040101OMS010FSIMAGL000.FTZ,4.473034958858318,4.029839181056547,3,0.3883187181724657,counts,counts,72.96301156802629,1034.9639119644385,817.3169928844567
5537.291015625,986.103515625,3377.056640625,1210.2236328125,88585.25100661349,16184.430801907554,UVW1,15.859476880888643,15.966316399217552,2.6059320023606314,2.609119755773111,1.7425669701996873,1.189649541696081,0.09631362247047738,0.03742784694801118,4500.0,4500.0,/Users/eracero/workspace/tfm-viu/temp/c2_ftz/P0781040101OMS008FSIMAGL000.FTZ,0.17038048034586892,0.09777557090178542,1,0.4035349350146385,counts,counts,75.85326746868778,820.8971129900488,415.4626533212802
5537.2666015625,986.0771484375,3377.109375,1210.28125,98261.48636697326,25387.945016702637,UVW1,15.829211908421188,16.298085041988042,2.5951617770894875,2.6276888130281004,1.1389047211817527,0.05319864830441066,0.09855778558988268,0.043172854625230954,4500.0,4500.0,/Users/eracero/workspace/tfm-viu/temp/c2_ftz/P0781040101OMS008FSIMAGL000.FTZ,2.357982208314937,2.070394620779377,2,0.4035349350146385,counts,counts,75.85326746868778,383.873435912026,249.1792967047748
5537.2900390625,986.1025390625,3377.0546875,1210.2177734375,97727.86511407793,25693.58585636411,UVW1,15.522741266839349,15.74982683957235,2.5061749762705885,2.6577423460175638,1.1585515812163654,0.048304905848744376,0.09674554431379896,0.04350935397151072,4500.0,4500.0,/Users/eracero/workspace/tfm-viu/temp/c2_ftz/P0781040101OMS008FSIMAGL000.FTZ,2.6164321151697756,2.2583648044593567,3,0.4035349350146385,counts,counts,75.85326746868778,459.91805062958275,1109.204915273185
5537.291015625,986.0830078125,3377.0546875,1210.236328125,107317.50904963538,34057.5451366771,UVW1,15.729090782229962,16.123660725551648,2.693652153961427,2.684663790917862,1.1135944051810809,0.02870064306379409,0.10264950708262072,0.04815378280557567,4500.0,4500.0,/Users/eracero/workspace/tfm-viu/temp/c2_ftz/P0781040101OMS008FSIMAGL000.FTZ,4.493545772720759,4.035172726994857,4,0.4035349350146385,counts,counts,75.85326746868778,1035.339783993298,816.9953923281631
5537.2646484375,986.0751953125,3377.109375,1210.275390625,92107.92558336258,17102.949053956196,UVW1,16.55604493627465,16.435162903918215,2.6435285577201904,2.674071602159388,0.4826039357909112,0.5002769220269078,0.09794203929212135,0.03842512633984005,4500.0,4500.0,/Users/eracero/workspace/tfm-viu/temp/c2_ftz/P0781040101OMS008FSIMAGL000.FTZ,0.09616071995250726,0.19925390744050836,5,0.4035349350146385,counts,counts,75.85326746868778,877.6000414742455,213.25640111015912
5326.296875,948.5,3319.1064453125,1175.6142578125,95370.40219641663,24354.39648588281,UVW1,15.83071363306251,16.46012518126017,2.6036120387988886,2.77387942568235,1.264168658340487,0.05712800388441693,0.09671563555930013,0.043056537370201216,4500.0,4500.0,/Users/eracero/workspace/tfm-viu/temp/c2_ftz/P0781040101OMS010FSIMAGL000.FTZ,2.455849254136863,1.9426595003238978,1,0.3883187181724657,counts,counts,72.96301156802629,383.55570974644104,249.3224038096007
5326.2958984375,948.5,3319.3515625,1175.58203125,87635.79486193508,17599.800844742917,UVW1,15.893778523634733,15.842630689794367,2.598157755179692,2.634670360805586,1.1584731690209908,0.18264894036787963,0.09461663909200616,0.03816533280810015,4500.0,4500.0,/Users/eracero/workspace/tfm-viu/temp/c2_ftz/P0781040101OMS010FSIMAGL000.FTZ,0.6624061112945265,0.5717923634384355,2,0.3883187181724657,counts,counts,72.96301156802629,489.9629210458945,441.7386537042701
5326.296875,948.595703125,3319.2275390625,1175.408203125,103103.6228754269,33475.63616190385,UVW1,15.578359131655512,16.172706450819547,2.5537365145063458,2.6036907930708706,1.1099785271544196,0.027524639602995397,0.09777255121811129,0.04719080413499851,4500.0,4500.0,/Users/eracero/workspace/tfm-viu/temp/c2_ftz/P0781040101OMS010FSIMAGL000.FTZ,4.473034958858318,4.029839181056547,3,0.3883187181724657,counts,counts,72.96301156802629,1034.9639119644385,817.3169928844567
5326.2958984375,948.5009765625,3319.2294921875,1175.61328125,85960.78351723682,17297.858479319606,UVW1,15.443203013496625,15.596604644622158,2.5355995670278433,2.75017553167918,1.4796439590358972,0.1961817050330354,0.09300360547255464,0.03865635748813037,4500.0,4500.0,/Users/eracero/workspace/tfm-viu/temp/c2_ftz/P0781040101OMS010FSIMAGL000.FTZ,0.8234921439360252,0.5565474984080591,4,0.3883187181724657,counts,counts,72.96301156802629,758.5369694431423,919.3614654810538
5537.291015625,986.103515625,3377.056640625,1210.2236328125,88585.25100661349,16184.430801907554,UVW1,15.859476880888643,15.966316399217552,2.6059320023606314,2.609119755773111,1.7425669701996873,1.189649541696081,0.09631362247047738,0.03742784694801118,4500.0,4500.0,/Users/eracero/workspace/tfm-viu/temp/c2_ftz/P0781040101OMS008FSIMAGL000.FTZ,0.17038048034586892,0.09777557090178542,1,0.4035349350146385,counts,counts,75.85326746868778,820.8971129900488,415.4626533212802
5537.2666015625,986.0771484375,3377.109375,1210.28125,98261.48636697326,25387.945016702637,UVW1,15.829211908421188,16.298085041988042,2.5951617770894875,2.6276888130281004,1.1389047211817527,0.05319864830441066,0.09855778558988268,0.043172854625230954,4500.0,4500.0,/Users/eracero/workspace/tfm-viu/temp/c2_ftz/P0781040101OMS008FSIMAGL000.FTZ,2.357982208314937,2.070394620779377,2,0.4035349350146385,counts,counts,75.85326746868778,383.873435912026,249.1792967047748
5537.2900390625,986.1025390625,3377.0546875,1210.2177734375,97727.86511407793,25693.58585636411,UVW1,15.522741266839349,15.74982683957235,2.5061749762705885,2.6577423460175638,1.1585515812163654,0.048304905848744376,0.09674554431379896,0.04350935397151072,4500.0,4500.0,/Users/eracero/workspace/tfm-viu/temp/c2_ftz/P0781040101OMS008FSIMAGL000.FTZ,2.6164321151697756,2.2583648044593567,3,0.4035349350146385,counts,counts,75.85326746868778,459.91805062958275,1109.204915273185
5537.291015625,986.0830078125,3377.0546875,1210.236328125,107317.50904963538,34057.5451366771,UVW1,15.729090782229962,16.123660725551648,2.693652153961427,2.684663790917862,1.1135944051810809,0.02870064306379409,0.10264950708262072,0.04815378280557567,4500.0,4500.0,/Users/eracero/workspace/tfm-viu/temp/c2_ftz/P0781040101OMS008FSIMAGL000.FTZ,4.493545772720759,4.035172726994857,4,0.4035349350146385,counts,counts,75.85326746868778,1035.339783993298,816.9953923281631
5537.2646484375,986.0751953125,3377.109375,1210.275390625,92107.92558336258,17102.949053956196,UVW1,16.55604493627465,16.435162903918215,2.6435285577201904,2.674071602159388,0.4826039357909112,0.5002769220269078,0.09794203929212135,0.03842512633984005,4500.0,4500.0,/Users/eracero/workspace/tfm-viu/temp/c2_ftz/P0781040101OMS008FSIMAGL000.FTZ,0.09616071995250726,0.19925390744050836,5,0.4035349350146385,counts,counts,75.85326746868778,877.6000414742455,213.25640111015912
5326.296875,948.5,3319.1064453125,1175.6142578125,95370.40219641663,24354.39648588281,UVW1,15.83071363306251,16.46012518126017,2.6036120387988886,2.77387942568235,1.264168658340487,0.05712800388441693,0.09671563555930013,0.043056537370201216,4500.0,4500.0,/Users/eracero/workspace/tfm-viu/temp/c2_ftz/P0781040101OMS010FSIMAGL000.FTZ,2.455849254136863,1.9426595003238978,1,0.3883187181724657,counts,counts,72.96301156802629,383.55570974644104,249.3224038096007
5326.2958984375,948.5,3319.3515625,1175.58203125,87635.79486193508,17599.800844742917,UVW1,15.893778523634733,15.842630689794367,2.598157755179692,2.634670360805586,1.1584731690209908,0.18264894036787963,0.09461663909200616,0.03816533280810015,4500.0,4500.0,/Users/eracero/workspace/tfm-viu/temp/c2_ftz/P0781040101OMS010FSIMAGL000.FTZ,0.6624061112945265,0.5717923634384355,2,0.3883187181724657,counts,counts,72.96301156802629,489.9629210458945,441.7386537042701
5326.296875,948.595703125,3319.2275390625,1175.408203125,103103.6228754269,33475.63616190385,UVW1,15.578359131655512,16.172706450819547,2.5537365145063458,2.6036907930708706,1.1099785271544196,0.027524639602995397,0.09777255121811129,0.04719080413499851,4500.0,4500.0,/Users/eracero/workspace/tfm-viu/temp/c2_ftz/P0781040101OMS010FSIMAGL000.FTZ,4.473034958858318,4.029839181056547,3,0.3883187181724657,counts,counts,72.96301156802629,1034.9639119644385,817.3169928844567
5326.2958984375,948.5009765625,3319.2294921875,1175.61328125,85960.78351723682,17297.858479319606,UVW1,15.443203013496625,15.596604644622158,2.5355995670278433,2.75017553167918,1.4796439590358972,0.1961817050330354,0.09300360547255464,0.03865635748813037,4500.0,4500.0,/Users/eracero/workspace/tfm-viu/temp/c2_ftz/P0781040101OMS010FSIMAGL000.FTZ,0.8234921439360252,0.5565474984080591,4,0.3883187181724657,counts,counts,72.96301156802629,758.5369694431423,919.3614654810538
5326.2958984375,948.5009765625,3319.2294921875,1175.6142578125,87376.58972522523,17468.38990120869,UVW1,15.86567476729359,15.915640802726665,2.609265576028014,2.6977492747250325,1.2103037136874466,0.20024811967753306,0.09475885858856248,0.03845209241967074,4500.0,4500.0,/Users/eracero/workspace/tfm-viu/temp/c2_ftz/P0781040101OMS010FSIMAGL000.FTZ,0.6380691747213423,0.5271975682676618,5,0.3883187181724657,counts,counts,72.96301156802629,539.4975294347764,830.6267834725979
2190.0,390.0,2460.0,660.0,42195.30233147368,12736.11809644103,UVW1,16.242850117099998,16.418761403806208,2.6521978706684766,2.742468238844135,1.045897450311694,0.04229383192441351,0.05254478549442305,0.02673084606723256,4500.0,4500.0,/Users/eracero/workspace/tfm-viu/temp/c2_ftz/P0781040101OMS008FSIMAGL000.FTZ,1.4718801277832632,1.40728914421258,1,0.0,counts,counts,30.0,841.8992495125822,600.3656634761556
2190.0,390.0,2460.0,660.0,36587.69593670778,8491.008976137266,UVW1,15.44053457111231,15.538043145572438,2.5083333691329313,2.58478985295407,1.1405713193519456,0.10233896908943811,0.04911778730330306,0.022256315770692467,4500.0,4500.0,/Users/eracero/workspace/tfm-viu/temp/c2_ftz/P0781040101OMS008FSIMAGL000.FTZ,0.6162056057715155,0.5402604776364478,2,0.0,counts,counts,30.0,758.9338867430442,919.2037848479915
2190.0,390.0,2460.0,660.0,34449.993420250714,6451.890928670764,UVW1,15.63445472770385,15.711988235643396,2.57662201895122,2.6441331374016506,0.64937535586473,0.6951381094375756,0.048377924529157186,0.019954392526212335,4500.0,4500.0,/Users/eracero/workspace/tfm-viu/temp/c2_ftz/P0781040101OMS008FSIMAGL000.FTZ,0.04678612590650705,0.07204789261551983,3,0.0,counts,counts,30.0,865.2605210505964,883.3468165106797
2190.0,390.0,2460.0,660.0,35331.34692345187,7273.1437171231955,UVW1,15.760710935507502,15.865728470426316,2.621255756254037,2.6887131559851136,0.7511586856826682,0.21361937287127755,0.04905388699417229,0.021010450953151637,4500.0,4500.0,/Users/eracero/workspace/tfm-viu/temp/c2_ftz/P0781040101OMS008FSIMAGL000.FTZ,0.1811977721534317,0.2412243585904295,4,0.0,counts,counts,30.0,1061.5343415052594,889.5891701768986
1863.3125,390.0,1740.03125,660.0,32955.40580561757,9341.439227554947,UVW1,15.976705499624801,16.237765038293585,2.5566129763843795,2.7635279854620842,1.0588623782124542,0.08035082900706629,0.047660014906067624,0.02341408315658215,4500.0,4500.0,/Users/eracero/workspace/tfm-viu/temp/c2_ftz/P0781040101OMS008FSIMAGL000.FTZ,0.7079579420773184,0.6686024139156553,5,0.0,counts,counts,30.0,1117.6428092842948,1050.138112324372
2190.0,390.0,2379.78125,660.0,36416.776277542114,7669.680230438709,UVW1,16.063903115417244,16.138708872832456,2.714910828765796,2.5999935078233727,0.8991298688757654,0.17617639694518855,0.05031820871742303,0.021346691625280665,4500.0,4500.0,/Users/eracero/workspace/tfm-viu/temp/c2_ftz/P0781040101OMS008FSIMAGL000.FTZ,0.27485076772852174,0.30568528222978925,6,0.0,counts,counts,30.0,1170.995555212216,982.6859913076462
2190.0,390.0,2460.0,660.0,35975.35701209307,7481.296872138977,UVW1,15.899866154120023,15.896522675452568,2.5425741838451077,2.5661137643368384,0.900906960544664,0.18444585133516642,0.048979272345962305,0.02108047624320455,4500.0,4500.0,/Users/eracero/workspace/tfm-viu/temp/c2_ftz/P0781040101OMS008FSIMAGL000.FTZ,0.2565889187933822,0.28481178415832803,7,0.0,counts,counts,30.0,1106.4911170409327,821.560113918605
2190.0,390.0,2460.0,660.0,40504.627030067146,11173.1227305457,UVW1,16.172440877471207,16.732453344999257,2.6180293608835177,2.638422391798319,1.0945710177132761,0.056592829125151574,0.05157641868228322,0.025119349357041347,4500.0,4500.0,/Users/eracero/workspace/tfm-viu/temp/c2_ftz/P0781040101OMS008FSIMAGL000.FTZ,1.130440335201156,1.0327702057768864,8,0.0,counts,counts,30.0,786.617821854352,629.0310946449497
2190.0,390.0,2460.0,660.0,49722.112822562456,20775.59054583311,UVW1,16.11941082547464,16.578993097766414,2.798428282071992,2.8452875810931526,1.0077443435185505,0.020728473639384074,0.05665145303678965,0.03343781589412549,4500.0,4500.0,/Users/eracero/workspace/tfm-viu/temp/c2_ftz/P0781040101OMS008FSIMAGL000.FTZ,3.2045784699495528,3.1799518306009356,9,0.0,counts,counts,30.0,541.510627144344,969.5899195013433
2190.0,390.0,2460.0,660.0,47295.390026286244,18085.899657689035,UVW1,16.2668032794964,16.491254903755937,2.695470250411637,2.7610882200347397,1.001439862043469,0.02447486846309381,0.05509165142228144,0.031303212323347956,4500.0,4500.0,/Users/eracero/workspace/tfm-viu/temp/c2_ftz/P0781040101OMS008FSIMAGL000.FTZ,2.59357574315314,2.5898467211609377,10,0.0,counts,counts,30.0,523.2833576909015,924.7552645440796
2190.0,390.0,2460.0,660.0,44809.581317433156,16230.995339891873,UVW1,15.710479721421418,16.289071904600057,2.4981427124890474,2.5753861424859936,1.0531848295323052,0.02803160851142814,0.05304398189139133,0.029614403681365073,4500.0,4500.0,/Users/eracero/workspace/tfm-viu/temp/c2_ftz/P0781040101OMS008FSIMAGL000.FTZ,2.311917939448944,2.1951682882439667,11,0.0,counts,counts,30.0,459.91805062958275,1109.204915273185
2190.0,390.0,2460.0,660.0,39303.50409299135,10072.113937839866,UVW1,16.20909747349617,16.020011752454792,2.677248308574039,2.595110608033061,0.995102716173761,0.06655727384691182,0.051293306118825564,0.023958949362625524,4500.0,4500.0,/Users/eracero/workspace/tfm-viu/temp/c2_ftz/P0781040101OMS008FSIMAGL000.FTZ,0.8456845835632767,0.8498465231961104,12,0.0,counts,counts,30.0,284.4544128015283,1121.493557392123
2190.0,390.0,2460.0,660.0,37466.34435377456,8913.804110093042,UVW1,15.888636393488497,16.164037007794196,2.5423810645558342,2.6841639477589734,1.0231436463124468,0.0947417928284938,0.04972427554588111,0.02285128333947119,4500.0,4500.0,/Users/eracero/workspace/tfm-viu/temp/c2_ftz/P0781040101OMS008FSIMAGL000.FTZ,0.5933845893410568,0.5799621504562903,13,0.0,counts,counts,30.0,210.92090784057115,1022.5706130499411
2190.0,390.0,2460.0,660.0,49722.112822562456,20775.59054583311,UVW1,16.11941082547464,16.578993097766414,2.798428282071992,2.8452875810931526,1.0077443435185505,0.020728473639384074,0.05665145303678965,0.03343781589412549,4500.0,4500.0,/Users/eracero/workspace/tfm-viu/temp/c2_ftz/P0781040101OMS008FSIMAGL000.FTZ,3.2045784699495528,3.1799518306009356,14,0.0,counts,counts,30.0,541.510627144344,969.5899195013433
2190.0,390.0,2460.0,660.0,47295.390026286244,18085.899657689035,UVW1,16.2668032794964,16.491254903755937,2.695470250411637,2.7610882200347397,1.001439862043469,0.02447486846309381,0.05509165142228144,0.031303212323347956,4500.0,4500.0,/Users/eracero/workspace/tfm-viu/temp/c2_ftz/P0781040101OMS008FSIMAGL000.FTZ,2.59357574315314,2.5898467211609377,15,0.0,counts,counts,30.0,523.2833576909015,924.7552645440796
2190.0,390.0,2460.0,660.0,42195.30233147368,12736.11809644103,UVW1,16.242850117099998,16.418761403806208,2.6521978706684766,2.742468238844135,1.045897450311694,0.04229383192441351,0.05254478549442305,0.02673084606723256,4500.0,4500.0,/Users/eracero/workspace/tfm-viu/temp/c2_ftz/P0781040101OMS008FSIMAGL000.FTZ,1.4718801277832632,1.40728914421258,1,0.0,counts,counts,30.0,841.8992495125822,600.3656634761556
2190.0,390.0,2460.0,660.0,36587.69593670778,8491.008976137266,UVW1,15.44053457111231,15.538043145572438,2.5083333691329313,2.58478985295407,1.1405713193519456,0.10233896908943811,0.04911778730330306,0.022256315770692467,4500.0,4500.0,/Users/eracero/workspace/tfm-viu/temp/c2_ftz/P0781040101OMS008FSIMAGL000.FTZ,0.6162056057715155,0.5402604776364478,2,0.0,counts,counts,30.0,758.9338867430442,919.2037848479915
2190.0,390.0,2460.0,660.0,34449.993420250714,6451.890928670764,UVW1,15.63445472770385,15.711988235643396,2.57662201895122,2.6441331374016506,0.64937535586473,0.6951381094375756,0.048377924529157186,0.019954392526212335,4500.0,4500.0,/Users/eracero/workspace/tfm-viu/temp/c2_ftz/P0781040101OMS008FSIMAGL000.FTZ,0.04678612590650705,0.07204789261551983,3,0.0,counts,counts,30.0,865.2605210505964,883.3468165106797
2190.0,390.0,2460.0,660.0,35331.34692345187,7273.1437171231955,UVW1,15.760710935507502,15.865728470426316,2.621255756254037,2.6887131559851136,0.7511586856826682,0.21361937287127755,0.04905388699417229,0.021010450953151637,4500.0,4500.0,/Users/eracero/workspace/tfm-viu/temp/c2_ftz/P0781040101OMS008FSIMAGL000.FTZ,0.1811977721534317,0.2412243585904295,4,0.0,counts,counts,30.0,1061.5343415052594,889.5891701768986
1863.3125,390.0,1740.03125,660.0,32955.40580561757,9341.439227554947,UVW1,15.976705499624801,16.237765038293585,2.5566129763843795,2.7635279854620842,1.0588623782124542,0.08035082900706629,0.047660014906067624,0.02341408315658215,4500.0,4500.0,/Users/eracero/workspace/tfm-viu/temp/c2_ftz/P0781040101OMS008FSIMAGL000.FTZ,0.7079579420773184,0.6686024139156553,5,0.0,counts,counts,30.0,1117.6428092842948,1050.138112324372
2190.0,390.0,2379.78125,660.0,36416.776277542114,7669.680230438709,UVW1,16.063903115417244,16.138708872832456,2.714910828765796,2.5999935078233727,0.8991298688757654,0.17617639694518855,0.05031820871742303,0.021346691625280665,4500.0,4500.0,/Users/eracero/workspace/tfm-viu/temp/c2_ftz/P0781040101OMS008FSIMAGL000.FTZ,0.27485076772852174,0.30568528222978925,6,0.0,counts,counts,30.0,1170.995555212216,982.6859913076462
2190.0,390.0,2460.0,660.0,35975.35701209307,7481.296872138977,UVW1,15.899866154120023,15.896522675452568,2.5425741838451077,2.5661137643368384,0.900906960544664,0.18444585133516642,0.048979272345962305,0.02108047624320455,4500.0,4500.0,/Users/eracero/workspace/tfm-viu/temp/c2_ftz/P0781040101OMS008FSIMAGL000.FTZ,0.2565889187933822,0.28481178415832803,7,0.0,counts,counts,30.0,1106.4911170409327,821.560113918605
2190.0,390.0,2460.0,660.0,40504.627030067146,11173.1227305457,UVW1,16.172440877471207,16.732453344999257,2.6180293608835177,2.638422391798319,1.0945710177132761,0.056592829125151574,0.05157641868228322,0.025119349357041347,4500.0,4500.0,/Users/eracero/workspace/tfm-viu/temp/c2_ftz/P0781040101OMS008FSIMAGL000.FTZ,1.130440335201156,1.0327702057768864,8,0.0,counts,counts,30.0,786.617821854352,629.0310946449497
2190.0,390.0,2460.0,660.0,49722.112822562456,20775.59054583311,UVW1,16.11941082547464,16.578993097766414,2.798428282071992,2.8452875810931526,1.0077443435185505,0.020728473639384074,0.05665145303678965,0.03343781589412549,4500.0,4500.0,/Users/eracero/workspace/tfm-viu/temp/c2_ftz/P0781040101OMS008FSIMAGL000.FTZ,3.2045784699495528,3.1799518306009356,9,0.0,counts,counts,30.0,541.510627144344,969.5899195013433
2190.0,390.0,2460.0,660.0,47295.390026286244,18085.899657689035,UVW1,16.2668032794964,16.491254903755937,2.695470250411637,2.7610882200347397,1.001439862043469,0.02447486846309381,0.05509165142228144,0.031303212323347956,4500.0,4500.0,/Users/eracero/workspace/tfm-viu/temp/c2_ftz/P0781040101OMS008FSIMAGL000.FTZ,2.59357574315314,2.5898467211609377,10,0.0,counts,counts,30.0,523.2833576909015,924.7552645440796
2190.0,390.0,2460.0,660.0,44809.581317433156,16230.995339891873,UVW1,15.710479721421418,16.289071904600057,2.4981427124890474,2.5753861424859936,1.0531848295323052,0.02803160851142814,0.05304398189139133,0.029614403681365073,4500.0,4500.0,/Users/eracero/workspace/tfm-viu/temp/c2_ftz/P0781040101OMS008FSIMAGL000.FTZ,2.311917939448944,2.1951682882439667,11,0.0,counts,counts,30.0,459.91805062958275,1109.204915273185
2190.0,390.0,2460.0,660.0,39303.50409299135,10072.113937839866,UVW1,16.20909747349617,16.020011752454792,2.677248308574039,2.595110608033061,0.995102716173761,0.06655727384691182,0.051293306118825564,0.023958949362625524,4500.0,4500.0,/Users/eracero/workspace/tfm-viu/temp/c2_ftz/P0781040101OMS008FSIMAGL000.FTZ,0.8456845835632767,0.8498465231961104,12,0.0,counts,counts,30.0,284.4544128015283,1121.493557392123
2190.0,390.0,2460.0,660.0,37466.34435377456,8913.804110093042,UVW1,15.888636393488497,16.164037007794196,2.5423810645558342,2.6841639477589734,1.0231436463124468,0.0947417928284938,0.04972427554588111,0.02285128333947119,4500.0,4500.0,/Users/eracero/workspace/tfm-viu/temp/c2_ftz/P0781040101OMS008FSIMAGL000.FTZ,0.5933845893410568,0.5799621504562903,13,0.0,counts,counts,30.0,210.92090784057115,1022.5706130499411
2190.0,390.0,2460.0,660.0,49722.112822562456,20775.59054583311,UVW1,16.11941082547464,16.578993097766414,2.798428282071992,2.8452875810931526,1.0077443435185505,0.020728473639384074,0.05665145303678965,0.03343781589412549,4500.0,4500.0,/Users/eracero/workspace/tfm-viu/temp/c2_ftz/P0781040101OMS008FSIMAGL000.FTZ,3.2045784699495528,3.1799518306009356,14,0.0,counts,counts,30.0,541.510627144344,969.5899195013433
2190.0,390.0,2460.0,660.0,47295.390026286244,18085.899657689035,UVW1,16.2668032794964,16.491254903755937,2.695470250411637,2.7610882200347397,1.001439862043469,0.02447486846309381,0.05509165142228144,0.031303212323347956,4500.0,4500.0,/Users/eracero/workspace/tfm-viu/temp/c2_ftz/P0781040101OMS008FSIMAGL000.FTZ,2.59357574315314,2.5898467211609377,15,0.0,counts,counts,30.0,523.2833576909015,924.7552645440796
2190.0,390.0,2460.0,660.0,49909.87918753177,20804.62867604196,UVW1,16.057889493355272,16.353922682695902,2.639243587340861,2.6734505672504696,1.0219388069930657,0.02043811227113163,0.05599394318471517,0.033297584675824506,4500.0,4500.0,/Users/eracero/workspace/tfm-viu/temp/c2_ftz/P0781040101OMS010FSIMAGL000.FTZ,3.276244710463049,3.2059108510645684,1,0.0,counts,counts,30.0,541.1052049213866,969.7576995267945
2190.0,390.0,2460.0,660.0,47623.50498393178,18218.824678882957,UVW1,16.025539245300408,16.656303429666483,2.720020379342404,2.8624391747890243,1.0686442779420728,0.024871481050338,0.055354255034697625,0.031510975842207814,4500.0,4500.0,/Users/eracero/workspace/tfm-viu/temp/c2_ftz/P0781040101OMS010FSIMAGL000.FTZ,2.7839053414941977,2.6050814091806727,2,0.0,counts,counts,30.0,522.9936928170773,924.9135012167983
2190.0,390.0,2460.0,660.0,37026.00535774231,8508.579626083374,UVW1,15.856816525419694,15.938154794092048,2.681098483742159,2.6207664121748446,1.0029999184003484,0.10789527201616408,0.0502047851740074,0.022323588198540988,4500.0,4500.0,/Users/eracero/workspace/tfm-viu/temp/c2_ftz/P0781040101OMS010FSIMAGL000.FTZ,0.5110171482384839,0.5094887236416612,3,0.0,counts,counts,30.0,539.4975294347764,830.6267834725979
2190.0,390.0,2460.0,660.0,37018.31643772498,8683.031147088856,UVW1,15.639758163460638,15.69172773997821,2.6188262755002976,2.6684748768535838,1.0795818386944447,0.09747130018703971,0.04988351710298755,0.022579398710491708,4500.0,4500.0,/Users/eracero/workspace/tfm-viu/temp/c2_ftz/P0781040101OMS010FSIMAGL000.FTZ,0.6149435688324851,0.5696127396660785,4,0.0,counts,counts,30.0,758.5369694431423,919.3614654810538
2190.0,390.0,2460.0,660.0,34960.585252054036,6560.864075535908,UVW1,15.841123150395495,15.754886730884513,2.6047294313306026,2.7033692021745757,0.6447838465712923,0.5455323867446605,0.04878175287575987,0.02017830780859215,4500.0,4500.0,/Users/eracero/workspace/tfm-viu/temp/c2_ftz/P0781040101OMS010FSIMAGL000.FTZ,0.05967234504175657,0.09254627788687746,5,0.0,counts,counts,30.0,668.4495053878686,972.713559296908
2190.0,390.0,2460.0,660.0,45575.797069933265,16590.710093796253,UVW1,15.875955911174966,16.440709813435873,2.6455798066891756,2.543547763908926,1.061757604377825,0.027718736025532705,0.05407880250508499,0.02988179753906694,4500.0,4500.0,/Users/eracero/workspace/tfm-viu/temp/c2_ftz/P0781040101OMS010FSIMAGL000.FTZ,2.401656360991131,2.261962948123614,6,0.0,counts,counts,30.0,789.627650580102,1024.6555083867238
2190.0,390.0,2460.0,660.0,53368.66496174596,24306.17613625154,UVW1,15.704727499108566,16.74704852191795,2.576769815801295,2.698277299495521,1.0675384638977918,0.01742461218561004,0.05722545148198147,0.0358212617972031,4500.0,4500.0,/Users/eracero/workspace/tfm-viu/temp/c2_ftz/P0781040101OMS010FSIMAGL000.FTZ,4.216735941932934,3.9499616028230085,7,0.0,counts,counts,30.0,1034.9639119644385,817.3169928844567
2190.0,390.0,2460.0,660.0,40410.60984762013,11132.975402496755,UVW1,16.136486043181726,16.1645241094537,2.721308745680432,2.8921246455142002,1.0503010810014939,0.054499082508010485,0.05204398283538092,0.025396204574657542,4500.0,4500.0,/Users/eracero/workspace/tfm-viu/temp/c2_ftz/P0781040101OMS010FSIMAGL000.FTZ,1.1270456473449222,1.073069111068847,8,0.0,counts,counts,30.0,786.1836957853232,629.1192784443684
2190.0,390.0,2460.0,660.0,39114.02535227686,9420.418277092278,UVW1,16.30160430987499,16.74524767251197,2.6294754965270095,2.6845383763072634,1.181239310908393,0.09027547015370713,0.050963105266498394,0.023392776893471377,4500.0,4500.0,/Users/eracero/workspace/tfm-viu/temp/c2_ftz/P0781040101OMS010FSIMAGL000.FTZ,0.758558203033474,0.6421714855139133,9,0.0,counts,counts,30.0,762.2556105941618,544.4182563547834
2190.0,390.0,2460.0,660.0,38948.59635628387,8305.027669636533,UVW1,16.789090737484344,17.528568433192127,2.645434539615858,2.8031847024154626,1.4844498959453016,0.18629735254715454,0.05096247353605757,0.02235063304163,4500.0,4500.0,/Users/eracero/workspace/tfm-viu/temp/c2_ftz/P0781040101OMS010FSIMAGL000.FTZ,0.484552809154036,0.32641910682035613,10,0.0,counts,counts,30.0,911.7339544628893,86.17338245069243
2190.0,390.0,2460.0,660.0,45364.541933231056,15417.21545869112,UVW1,15.93042006935772,16.750235282050237,2.66373538961031,2.7652548199496536,1.1792195524139781,0.032443511098908105,0.054068152769487024,0.029126727848453205,4500.0,4500.0,/Users/eracero/workspace/tfm-viu/temp/c2_ftz/P0781040101OMS010FSIMAGL000.FTZ,2.3282048847416994,1.9743608219314508,11,0.0,counts,counts,30.0,383.55570974644104,249.3224038096007
2190.0,390.0,2460.0,660.0,37748.67432650924,8682.8195021227,UVW1,15.892178657681946,16.17020423595722,2.598219812775504,2.6251979641305843,1.2391658329002617,0.10866167151361307,0.05014062182171857,0.022521358726558215,4500.0,4500.0,/Users/eracero/workspace/tfm-viu/temp/c2_ftz/P0781040101OMS010FSIMAGL000.FTZ,0.6544006813746172,0.5280977444665299,12,0.0,counts,counts,30.0,210.69585474132253,1022.7929098575828
2190.0,390.0,2460.0,660.0,45483.815445901826,16557.781257282943,UVW1,15.852002983477005,16.506952888678505,2.4211379505680997,2.762705257141647,1.064017275081155,0.027535024340998103,0.05301404116247928,0.03007540718113812,4500.0,4500.0,/Users/eracero/workspace/tfm-viu/temp/c2_ftz/P0781040101OMS010FSIMAGL000.FTZ,2.3928730915749297,2.248904362377406,13,0.0,counts,counts,30.0,459.67074098373837,1109.324297351529
2190.0,390.0,2460.0,660.0,37904.82953565568,8916.710265420377,UVW1,15.868992926818985,15.81536766634149,2.6312145949966657,2.729274317958551,1.146620466429331,0.09302543611878152,0.05038259184085348,0.022915143471082217,4500.0,4500.0,/Users/eracero/workspace/tfm-viu/temp/c2_ftz/P0781040101OMS010FSIMAGL000.FTZ,0.7003855613160219,0.6108259723438213,14,0.0,counts,counts,30.0,489.9629210458945,441.7386537042701
2190.0,390.0,2460.0,660.0,38872.11941626668,9937.763963833451,UVW1,15.817581715156782,15.923284587909908,2.509197815778968,2.6242424968695826,1.1351865190697354,0.06891732450195362,0.050257195123062676,0.023856384559042466,4500.0,4500.0,/Users/eracero/workspace/tfm-viu/temp/c2_ftz/P0781040101OMS010FSIMAGL000.FTZ,0.9403589911274062,0.8283739943441305,15,0.0,counts,counts,30.0,434.77318626874734,163.4986046829187
