target_name,observation_id,filter,fits_name,mag_ab,mag_err,mag_ab_apcorr,mag_ab_apcorr_err,count_rate,count_rate_err,net_counts,net_counts_err,aper_counts,bkg_per_pix,bkg_rms_per_pix,bkg_counts_ap,bkg_counts_ap_err,A_ap_eff,A_bg_eff,zp_ab,trail_height_pix,trail_semi_out_pix,trail_semi_in_pix,tds_corr,c2,c2_err,f_apcorr,f_apcorr_err,apcorr_mag,apcorr_mag_err,c1,c1_err,c1_detail_csv,coi_factor,rate_bkg_6,rate_bkg_6_coi,rate_tot_6,rate_tot_6_coi,count_rate_coi,count_rate_coi_err,count_rate_final,count_rate_final_err,count_rate_final_apcorr,count_rate_final_apcorr_err,v_mag_1,v_mag_1_corrected,mlim_obs
#Ada,0803030301,L,P0803030301OMS007FSIMAGL000.FTZ,19.593179047702193,0.1256725197517918,19.593179047702193,0.1256725197517918,0.3016032515332399,0.03346934059599543,904.8097545997198,100.40802178798629,8296.063319769688,20.299378708207964,2.9270807674974297,7391.253565169968,42.257632678689426,364.1123046875,636.1064453125,18.5662,13.0,6.0,0.0,1.14538526535034,1.0744875201,0.0349126848,1.0,0.0,0.0,0.0,1.0,0.0,,1.0462112702115076,2.4637511883899896,2.53787796536992,2.7653544399232297,2.8534186862564317,0.31554072088651175,0.03505485973342323,0.3883366509676831,0.04494945865208562,0.3883366509676831,0.04494945865208562,16.18,17.6642,20.112686
#Ada,0803030301,L,P0803030301OMS006FSIMAGL000.FTZ,18.907973963297763,0.07671331030691056,18.907973963297763,0.07671331030691056,0.5657283433946432,0.03542137060855823,1697.1850301839295,106.26411182567469,9244.323654131964,20.043597323782492,3.0582777773956042,7547.138623948034,45.25193706315267,376.5361328125,647.5791015625,18.5662,13.0,6.000000000000002,0.0,1.14538431167603,1.0744875201,0.0349126848,1.0,0.0,0.0,0.0,1.0,0.0,,1.0484069010875452,2.5157128746493447,2.592163793611268,3.081441218043988,3.1852772929670365,0.5931134993557685,0.037212637618297406,0.7299454649157455,0.051574722545078805,0.7299454649157455,0.051574722545078805,16.18,17.6642,20.112686
Aaltje,0302352401,L,P0302352401OMS404SIMAGE1000.FTZ,18.579318162668525,0.049407659642163586,18.579318162668525,0.049407659642163586,0.8290039093440124,0.026358969916243234,3216.535168254768,102.27280327502375,9209.502591736615,14.682003827076855,2.2535640100720222,5992.967423481847,35.35850248518866,408.1845703125,676.8076171875,18.5662,13.0,6.0,0.0,1.06515407562256,1.0744875201,0.0349126848,1.0,0.0,0.0,0.0,1.0,0.0,,1.0413155344181613,1.544579232856146,1.5963612740453141,2.3735831422001583,2.459615922938619,0.863254648893305,0.02750320050928756,0.9879904232745428,0.044959635273091936,0.9879904232745428,0.044959635273091936,14.8,16.2842,20.291054
Hilaritas,0821730101,L,P0821730101OMS403SIMAGE1000.FTZ,20.296936599317917,0.16298912141264738,20.296936599317917,0.16298912141264738,0.15944795161533346,0.02335696657879851,574.0126258152004,84.08507968367464,5748.279417489655,15.323933430339979,2.663199615656534,5174.266791674455,36.35960956776429,337.6591796875,611.6826171875,18.5662,13.0,5.999999999999998,0.0,1.14712572097778,1.0744875201,0.0349126848,1.0,0.0,0.0,0.0,1.0,0.0,,1.0334132429193958,1.437296331020682,1.4735330587696915,1.5967442826360156,1.6383086835253482,0.16477562475565666,0.02414951053420553,0.20309786603958,0.030488758544042652,0.20309786603958,0.030488758544042652,17.08,18.5642,20.059668
#Hilaritas,0821730101,L,P0821730101OMS006SIMAGE1000.FTZ,20.92755997085691,0.22564938669961548,20.92755997085691,0.22564938669961548,0.08930199599864548,0.018327932042862788,321.4871855951237,65.98055535430603,3516.926533973776,15.204923247645187,2.629141729677406,3195.439348378652,28.92243335006352,210.158203125,364.96484375,18.5662,13.0,6.0,0.0,1.14712369441986,1.0744875201,0.0349126848,1.0,0.0,0.0,0.0,1.0,0.0,,1.0322460261301918,0.8876220412162922,0.9131076902026064,0.9769240372149377,1.0052893206977025,0.09218163049509609,0.018922597976085174,0.11362032093354642,0.02361380274327114,0.11362032093354642,0.02361380274327114,17.08,18.5642,20.059668
Deflotte,0744500301,L,P0744500301OMS401SIMAGE2000.FTZ,19.343353068502342,0.08865604306860075,19.343353068502342,0.08865604306860075,0.3585821837297379,0.021032974308832376,1577.7616084108467,92.54508695886246,7441.232960361987,22.997792468880707,3.5420459959061845,5863.471351951141,33.51656545443499,254.9580078125,725.9833984375,18.5662,6.0,6.0,0.0,1.12527227401733,1.0744875201,0.0349126848,1.0,0.0,0.0,0.0,1.073883186361442,0.04986834294415022,/Users/eracero/workspace/tfm-viu/results/batch_L/elena/c1corr/c1_details_Deflotte_P0744500301OMS401SIMAGE2000.csv,1.0498663794489924,2.887315438460789,2.9818182718818376,3.272390816496924,3.3860959648355866,0.40427769295374905,0.030285292197487653,0.4888085261743994,0.03991378175616984,0.4888085261743994,0.03991378175616984,16.55,18.0342,20.455608
Deflotte,0744500301,L,P0744500301OMS007SIMAGE2000.FTZ,19.32174658037932,0.09731192755813979,19.32174658037932,0.09731192755813979,0.3930449950256538,0.032809647230353504,1430.68378189338,119.42711591848676,11333.980038385838,21.342008284802706,3.1475168352986955,9903.296256492458,54.11890592225451,464.0283203125,728.328125,18.5662,13.0,6.0,0.0,1.12527596950531,1.0744875201,0.0349126848,1.0,0.0,0.0,0.0,1.0,0.0,,1.0492492737468362,2.7206857847506756,2.829715485046541,3.113730779776329,3.242117660627037,0.4124021755804961,0.034448180622430685,0.4986334026694061,0.044691322345979126,0.4986334026694061,0.044691322345979126,16.55,18.0342,20.455608
Solvejg,0611181301,L,P0611181301OMS006FSIMAGL000.FTZ,19.7462345412243,0.09909659109508434,19.7462345412243,0.09909659109508434,0.2761639154357985,0.023523595932609755,498.7520312770521,42.483614254293215,1673.2557562780567,10.115068959899654,1.9935892669136304,1174.5037250010046,11.471779453490603,116.1142578125,407.1748046875,18.5662,13.0,5.999999999999999,0.0,1.1089733839035,1.0744875201,0.0349126848,1.0,0.0,0.0,0.0,1.0,0.0,,1.024936013813499,0.6503342884833913,0.6631325487680485,0.9264982039191898,0.9461828914139441,0.28305034264589557,0.024141892858997475,0.33727657849143594,0.030783688838460683,0.33727657849143594,0.030783688838460683,16.23,17.7142,19.626968
Solvejg,0611181501,L,P0611181501OMS007FSIMAGL000.FTZ,19.488260180607767,0.05840151379016961,19.488260180607767,0.05840151379016961,0.33619913381197447,0.014148336910660189,1680.9956690598724,70.74168455330094,4577.810601564124,37.54811319963486,5.081238569166205,2896.814932504252,20.653700198139127,77.1494140625,360.25390625,18.5662,7.0,5.999999999999999,0.0,1.10899555683136,1.0744875201,0.0349126848,1.0,0.0,0.0,0.0,1.036363951425647,0.008129533918663546,/Users/eracero/workspace/tfm-viu/results/batch_L/elena/c1corr/c1_details_Solvejg_P0611181501OMS007FSIMAGL000.csv,1.030233950447378,1.075959832073008,1.099735303572401,1.4243844948562656,1.458694220344892,0.35895891677249114,0.015387515338420777,0.4277361221011625,0.02300783711090423,0.4277361221011625,0.02300783711090423,16.24,17.7242,20.580872
Solvejg,0611181501,L,P0611181501OMS006FSIMAGL000.FTZ,19.368528141324358,0.05770195981454472,19.368528141324358,0.05770195981454472,0.36747862307983487,0.015346248114378645,1837.3931153991743,76.73124057189322,5258.9260344058275,37.05957953758489,5.4364802221353905,3421.532919006653,25.075032308970727,92.3251953125,400.67578125,18.5662,6.0,6.0,0.0,1.10899353027344,1.0744875201,0.0349126848,1.0,0.0,0.0,0.0,1.053644337738575,0.004751420684604599,/Users/eracero/workspace/tfm-viu/results/batch_L/elena/c1corr/c1_details_Solvejg_P0611181501OMS006FSIMAGL000.csv,1.0351713346255265,1.482664264902883,1.5188729214593417,1.869856035350919,1.9196827432300556,0.4008098217707139,0.016856354715723446,0.4776048666458176,0.025382539422500457,0.4776048666458176,0.025382539422500457,16.24,17.7242,20.580872
Wells,0405950101,L,P0405950101OMS401SIMAGE1000.FTZ,19.518610018987403,0.08914234936862227,19.518610018987403,0.08914234936862227,0.35416002129540886,0.026664308837785672,502.90723023948055,37.86331854965565,1316.8169931094162,4.729428839147761,1.345296816961146,813.9097628699357,10.808047857188711,172.0947265625,458.8564453125,18.5662,13.0,5.999999999999999,0.0,1.06582033634186,1.0744875201,0.0349126848,1.0,0.0,0.0,0.0,1.0,0.0,,1.0255363988194657,0.5731758893450252,0.5851149078998648,0.927335910640434,0.9483189007449836,0.36320399284511884,0.02738560839365323,0.41594508075349274,0.034150402774419976,0.41594508075349274,0.034150402774419976,16.55,18.0342,19.766872
Tampere,0740920301,L,P0740920301OMS406SIMAGE1000.FTZ,20.87134468520372,0.3316697777201485,20.87134468520372,0.3316697777201485,0.09580698037198647,0.029093682182448743,95.80698037198647,29.09368218244874,746.4030443213414,3.6648057027721577,1.2134430060746701,650.596063949355,10.001964737590006,177.525390625,463.8623046875,18.5662,13.0,6.000000000000001,0.0,1.12742865085602,1.0744875201,0.0349126848,1.0,0.0,0.0,0.0,1.0,0.0,,1.0309901848259393,0.6505960639493549,0.6690401659231476,0.7464030443213413,0.7678162223244771,0.09877605640132947,0.03000285804264936,0.11965810642927883,0.03655306406144107,0.11965810642927883,0.03655306406144107,17.28,18.7642,19.431232
#Brouwer,0801681301,L,P0801681301OMS006FSIMAGL000.FTZ,18.739700866555168,0.06445706833208864,18.739700866555168,0.06445706833208864,0.6423188950557759,0.031741668425657656,2440.8118012119485,120.6183400174991,12146.406275086105,32.72525400811053,4.205117726421145,9705.594473874156,49.01405587676783,296.578125,647.4306640625,18.5662,9.0,6.0,0.0,1.14337038993835,1.0744875201,0.0349126848,1.0,0.0,0.0,0.0,1.0159395989952076,0.0041453237231940596,/Users/eracero/workspace/tfm-viu/results/batch_L/elena/c1corr/c1_details_Brouwer_P0801681301OMS006FSIMAGL000.csv,1.0631456105640602,3.6892610573205857,3.8268080211201676,4.341818257990596,4.520571344654459,0.6937633235342915,0.03447036108440434,0.8523140612533958,0.0505994695640654,0.8523140612533958,0.0505994695640654,16.59,18.0742,20.203415
#Brouwer,0801681301,L,P0801681301OMS007FSIMAGL000.FTZ,19.438269727895435,0.08556085195358391,19.438269727895435,0.08556085195358391,0.2600857255762523,0.017426849791378936,988.3257571897589,66.22202920723996,4133.625695034862,31.718767961566495,3.8421646688841298,3145.2999378451027,15.86604731146607,99.162109375,576.6416015625,18.5662,3.0,6.0,0.0,1.14337158203125,1.0744875201,0.0349126848,1.0,0.0,0.0,0.0,1.3223974626048436,0.03374236803018401,/Users/eracero/workspace/tfm-viu/results/batch_L/elena/c1corr/c1_details_Brouwer_P0801681301OMS007FSIMAGL000.csv,1.0599974363340214,3.5867455431566957,3.7182928241864066,3.9306822467184714,4.082864848223063,0.36457202403665656,0.026174108986199762,0.4478907659950792,0.035295795221566076,0.4478907659950792,0.035295795221566076,16.59,18.0742,20.203415
#[needstoBeDeblended]Weisell,0691070301,L,P0691070301OMS401SIMAGE1000.FTZ,21.218228613763273,0.2931414111927103,21.218228613763273,0.2931414111927103,0.0708666250580224,0.018988789615067954,201.2612151647836,53.92816250679299,2585.578510109335,18.09098252078943,2.798713724689457,2384.3172949445516,17.962967495648865,131.7958984375,421.662109375,18.5662,13.0,6.0,0.0,1.1126081943512,1.0744875201,0.0349126848,1.0,0.0,0.0,0.0,1.0,0.0,,1.0261318650021396,0.839548343290335,0.8572747721719558,0.9104149683483574,0.9299932743091517,0.07271850213719588,0.019490811698177513,0.08693377814623697,0.023471534890711833,0.08693377814623697,0.023471534890711833,16.45,17.9342,19.8031
#Weisell,0691070301,L,P0691070301OMS401SIMAGE1000.FTZ,19.6507214852291,0.09488876372871755,19.6507214852291,0.09488876372871755,0.29877860469565976,0.024210130532501265,848.5312373356737,68.75677071230359,4173.384249720722,17.76261632806725,2.7344016945177576,3324.8530123850487,23.53952567626557,187.1826171875,472.78125,18.5662,13.0,5.999999999999999,0.0,1.1126081943512,1.0744875201,0.0349126848,1.0,0.0,0.0,0.0,1.0,0.0,,1.0310940513686824,1.1707228916848764,1.1975826635169982,1.4695014963805362,1.505651505494928,0.30806884197792983,0.024993989853889707,0.36829125429109416,0.03218710792658682,0.36829125429109416,0.03218710792658682,16.45,17.9342,19.8031
Weisell,0691070301,L,P0691070301OMS401SIMAGE1000.FTZ,20.86014152312016,0.14236035377318554,20.86014152312016,0.14236035377318554,0.09812871225905215,0.012458552906036018,278.6855428157081,35.382290253142294,3759.424186883508,18.78307531368796,2.869628831232227,3480.7386440677997,15.489502201784264,185.3125,nan,18.5662,13.0,nan,nan,1.1126081943512,1.0744875201,0.0349126848,1.0,0.0,0.0,0.0,1.0,0.0,,1.0305846302705832,1.2256121986154225,1.2541037879584411,1.3237409108744747,1.3552337306008648,0.1011299426424237,0.012846434856889051,0.12089918987923128,0.015852148400939677,0.12089918987923128,0.015852148400939677,16.45,17.9342,19.8031
Lucubratio,0110980101,L,P0110980101OMS406SIMAGE1000.FTZ,20.394092187001657,0.20030177617119233,20.394092187001657,0.20030177617119233,0.16424352195691994,0.029815385082162076,328.4870439138399,59.630770164324154,2944.3934044449124,8.142577394448232,1.879915487147379,2615.9063605310726,24.727218726446768,321.2626953125,596.5498046875,18.5662,13.0,5.999999999999998,0.0,1.01621580123901,1.0744875201,0.0349126848,1.0,0.0,0.0,0.0,1.0,0.0,,1.0355416158294233,1.307953180265536,1.3474269554561833,1.472196702222456,1.5175079575729675,0.17008100211678423,0.030886860155454228,0.18571335046538484,0.0342612881556103,0.18571335046538484,0.0342612881556103,17.14,18.6242,20.251143
Lucubratio,0110980101,L,P0110980101OMS411SIMAGE1000.FTZ,20.555996260694165,0.22585033247296907,20.555996260694165,0.22585033247296907,0.1419962950781287,0.029160587600921644,283.9925901562574,58.32117520184329,2873.6363084134646,8.133817047047215,1.7583674096470476,2589.643718257207,22.972226024280634,318.3798828125,593.8876953125,18.5662,13.0,6.0,0.0,1.0162205696106,1.0744875201,0.0349126848,1.0,0.0,0.0,0.0,1.0,0.0,,1.0318465719783252,1.2948218591286036,1.3265209107742946,1.4368181542067322,1.4730393010842844,0.1465183903099898,0.030104039090126426,0.15998582151792368,0.03327959189046338,0.15998582151792368,0.03327959189046338,17.14,18.6242,20.251143
Kaneko,0160961001,L,P0160961001OMS004FSIMAGL000.FTZ,20.511299608320638,0.28336297326469584,20.511299608320638,0.28336297326469584,0.1389309903464577,0.03596075506786625,458.47226814331043,118.67049172395862,11053.096187627874,21.337946654719204,3.052729955273612,10594.623919484564,55.04170617248577,496.515625,758.3310546875,18.5662,13.0,6.0,0.0,1.0593593120575,1.0744875201,0.0349126848,1.0,0.0,0.0,0.0,1.0,0.0,,1.0541838558928955,3.2104920968135047,3.3211121809702893,3.349423087159962,3.4675709880767367,0.14645880710644743,0.037926455812179675,0.16670942618835735,0.04350899175857141,0.16670942618835735,0.04350899175857141,17.22,18.7042,19.894526
Asteropaios,0803161101,L,P0803161101OMS411SIMAGE1000.FTZ,21.471414837359244,0.3127838791017454,21.471414837359244,0.3127838791017454,0.054851360623520924,0.015697213793109784,75.69487766045887,21.6621550344915,441.1762657985091,5.068774178280808,1.4068486683583123,365.48138813805025,5.298367195640217,72.1044921875,366.5517578125,18.5662,13.0,6.0,0.0,1.1444935798645,1.0744875201,0.0349126848,1.0,0.0,0.0,0.0,1.0,0.0,,1.0207324547314123,0.26484158560728277,0.2699010410259273,0.3196929462308037,0.32588960500053177,0.055988563974604444,0.01602652580653288,0.06885160444594651,0.019835090593829558,0.06885160444594651,0.019835090593829558,18.04,19.5242,19.633095
The,0501270301,L,P0501270301OMS007FSIMAGL000.FTZ,21.294628035423422,0.35386221315945965,21.294628035423422,0.35386221315945965,0.06741943322784189,0.02185854127011347,303.3874495252885,98.3634357155106,7914.983595266938,20.170839110587504,2.831060203706353,7611.59614574165,41.95690515865594,377.3564453125,648.328125,18.5662,13.0,6.0,0.0,1.07992041110992,1.0744875201,0.0349126848,1.0,0.0,0.0,0.0,1.0,0.0,,1.0357395573409582,1.691465810164811,1.7348014403819252,1.758885243392653,1.8046304143095084,0.06982897392758325,0.02264522200744685,0.0810268183255462,0.026408196152607304,0.0810268183255462,0.026408196152607304,17.44,18.9242,20.213562
Chesneau,0302580701,L,P0302580701OMS405SIMAGE1000.FTZ,19.835214047360587,0.10704521614320425,19.835214047360587,0.10704521614320425,0.24556752629693998,0.022747345302235,736.70257889082,68.242035906705,4172.801733512431,9.760562166653342,1.8959331946006792,3436.0991546216114,22.003948081641663,352.0390625,920.08203125,18.5662,6.0,5.9999999999999964,0.0,1.05747199058533,1.0744875201,0.0349126848,1.0,0.0,0.0,0.0,1.0653070670288045,0.008912204339770484,/Users/eracero/workspace/tfm-viu/results/batch_L/elena/c1corr/c1_details_Chesneau_P0302580701OMS405SIMAGE1000.csv,1.0453901144876883,2.4816271672267187,2.557019105551741,2.7432319884236307,2.830498199533312,0.273479093981571,0.02545660926478208,0.3107380106542542,0.030636377088347395,0.3107380106542542,0.030636377088347395,16.43,17.9142,20.226696
Chrisclark,0670120401,L,P0670120401OMS413SIMAGE1000.FTZ,20.854432711790835,0.21359892872335265,20.854432711790835,0.21359892872335265,0.09890566909466343,0.019184427034066767,494.52834547331713,95.92213517033383,7624.5100191561505,18.41721884894917,2.6296120372681964,7129.981673682833,39.70574261337574,387.13671875,657.36328125,18.5662,13.0,5.999999999999998,0.0,1.10710632801056,1.0744875201,0.0349126848,1.0,0.0,0.0,0.0,1.0,0.0,,1.0329873929888425,1.4259963347365665,1.4618923196265867,1.52490200383123,1.5640606288965002,0.1021683092699135,0.019823730553031774,0.12153655313638166,0.023910119541638068,0.12153655313638166,0.023910119541638068,18.13,19.6142,20.369955
Richardbaum,0201902401,L,P0201902401OMS404SIMAGE1000.FTZ,20.83722407147347,0.30856212500720426,20.83722407147347,0.30856212500720426,0.10597104456720109,0.029911039682162525,209.82266824305816,59.2238585706818,2914.5697134986985,7.762807325236348,1.742389322838526,2704.7470452556404,24.349449901412985,348.423828125,621.6240234375,18.5662,13.0,6.000000000000002,0.0,1.04815816879272,1.0744875201,0.0349126848,1.0,0.0,0.0,0.0,1.0,0.0,,1.0346059154295337,1.3660338612402223,1.4053831184199013,1.4720049058074234,1.5150213879933743,0.109638269573473,0.030954470968505204,0.12347822316348968,0.0350920508589935,0.12347822316348968,0.0350920508589935,17.67,19.1542,19.90227
1996 UT,0412592501,L,P0412592501OMS006FSIMAGL000.FTZ,20.884736289562657,0.19808340757754192,20.884736289562657,0.19808340757754192,0.09468558773161362,0.01696819692420131,94.68558773161362,16.96819692420131,279.1729902152438,4.95684036899762,1.3542156256280087,184.48740248363015,2.9574848508878278,37.21875,290.4384765625,18.5662,6.0,5.999999999999999,0.0,1.08736991882324,1.0744875201,0.0349126848,1.0,0.0,0.0,0.0,1.0463177651597029,0.009562439732880205,/Users/eracero/workspace/tfm-viu/results/batch_L/elena/c1corr/c1_details_1996_UT_P0412592501OMS006FSIMAGL000.csv,1.0210789325224356,0.39972270538119864,0.4070229208806603,0.49879391792937355,0.5081824488330541,0.1011595279523938,0.018160651156420023,0.1181912930993873,0.021563008026926116,0.1181912930993873,0.021563008026926116,17.97,19.4542,19.299034
Ivanka,0692330401,L,P0692330401OMS007FSIMAGL000.FTZ,20.61221485002072,0.17120795261940372,20.61221485002072,0.17120795261940372,0.11417639852728372,0.01759823896787597,570.8819926364185,87.99119483937984,6777.836652040482,18.026585205396017,2.712987405084109,6206.954659404063,31.05823107038171,344.322265625,904.6328125,18.5662,6.0,6.0,0.0,1.11329662799835,1.0744875201,0.0349126848,1.0,0.0,0.0,0.0,1.0614899210578619,0.00645617494944556,/Users/eracero/workspace/tfm-viu/results/batch_L/elena/c1corr/c1_details_Ivanka_P0692330401OMS007FSIMAGL000.csv,1.0478269781399148,2.689680352408427,2.7741458851916105,2.8108774486678243,2.9011394723244273,0.12699358713281672,0.019595678057019127,0.15191269206375643,0.023954866546874818,0.15191269206375643,0.023954866546874818,17.66,19.1442,20.75167
#Pesonen,0148880101,L,P0148880101OMS408SIMAGE2000.FTZ,21.277566631818043,0.21100983613297183,21.277566631818043,0.21100983613297183,0.07140322689757238,0.013679407852261889,305.6058111216098,58.54786560768088,2976.1989339794964,11.334833865833593,2.0519181680038914,2670.5931228578866,21.25214420324607,235.609375,517.4873046875,18.5662,13.0,6.0,0.0,1.03910875320435,1.0744875201,0.0349126848,1.0,0.0,0.0,0.0,1.0,0.0,,1.032459748606526,0.6239703558079174,0.6427977148056156,0.6953735827054898,0.716518672497978,0.07372095769236231,0.014125810418615527,0.0823101413075673,0.015996751907822463,0.0823101413075673,0.015996751907822463,18.93,20.4142,21.114185
Jepejacobsen,0784401201,L,P0784401201OMS006FSIMAGL000.FTZ,20.281167036688924,0.20921323365978103,20.281167036688924,0.20921323365978103,0.15924895557399577,0.030232359196748843,796.2447778699789,151.1617959837442,17341.262332554907,22.759125663442227,3.1814609560221783,16545.017554684928,74.22012013245599,726.9619140625,971.03125,18.5662,13.0,6.0,0.0,1.1409797668457,1.0744875201,0.0349126848,1.0,0.0,0.0,0.0,1.0,0.0,,1.0554976577102069,3.3090035109369853,3.424937279784238,3.468252466510981,3.593024179385387,0.1680868996011493,0.0319253005100551,0.20606924756269218,0.039708007877079496,0.20606924756269218,0.039708007877079496,17.43,18.9142,20.241419
Astrometria,0793581001,L,P0793581001OMS006FSIMAGL000.FTZ,21.689232224262042,0.4311399148388798,21.689232224262042,0.4311399148388798,0.0446661908095266,0.017674370889242726,223.33095404763299,88.37185444621363,6427.593161821365,16.372025514135554,2.500675580810956,6204.262207773732,37.17514621950264,378.955078125,649.8076171875,18.5662,13.0,6.0,0.0,1.13922166824341,1.0744875201,0.0349126848,1.0,0.0,0.0,0.0,1.0,0.0,,1.030382753928207,1.2408524415547464,1.2694387878593645,1.2855186323642729,1.3154620605531673,0.0460232726938028,0.018214309730705425,0.05633614302371498,0.02237077881326163,0.05633614302371498,0.02237077881326163,18.48,19.9642,20.400606
Pluto,0793183801,L,P0793183801OMS071SIMAGE0000.FTZ,17.95330700569421,0.05024840069472648,17.95330700569421,0.05024840069472648,1.343849242693645,0.03933378731334861,1531.9881366707552,44.840517537217416,1975.492432482075,6.585583139902138,1.6269202218204164,443.50429581131965,5.931237689001128,67.3447265625,341.2314453125,18.5662,8.0,6.0,0.0,1.14093232154846,1.0744875201,0.0349126848,1.0,0.0,0.0,0.0,1.0314358706292217,0.015269756548344747,/Users/eracero/workspace/tfm-viu/results/batch_L/elena/c1corr/c1_details_Pluto_P0793183801OMS071SIMAGE0000.csv,1.034911366273013,0.6321881409591179,0.6495686924395836,2.018282454591258,2.0840534523438756,1.434484759904292,0.04727553114282877,1.7585600291519026,0.08138703054016325,1.7585600291519026,0.08138703054016325,14.66,16.1442,21.213638
Pluto,0793183801,L,P0793183801OMS066SIMAGE0000.FTZ,18.021577812589477,0.04813801926830802,18.021577812589477,0.04813801926830802,1.2867523141027604,0.038579176857642096,1466.897638077147,43.98026161771199,1900.8903557187878,6.5757445343509495,1.6139565211724825,433.99271764164087,5.776941772564648,65.9990234375,339.9873046875,18.5662,9.0,6.000000000000001,0.0,1.14093101024628,1.0744875201,0.0349126848,1.0,0.0,0.0,0.0,1.013533747501657,0.0015911282269810696,/Users/eracero/workspace/tfm-viu/results/batch_L/elena/c1corr/c1_details_Pluto_P0793183801OMS066SIMAGE0000.csv,1.0328920699516564,0.549893306953346,0.5639711745395926,1.854060201972346,1.911034818298192,1.3470636437585994,0.04063562257550547,1.651387051451304,0.07321715564575296,1.651387051451304,0.07321715564575296,14.66,16.1442,21.213638
Pluto,0793183801,L,P0793183801OMS062SIMAGE0000.FTZ,18.091810642848735,0.0501939475532359,18.091810642848735,0.0501939475532359,1.2098720007844017,0.039619815138693566,1379.254080894218,45.16658925811066,1979.778003233485,6.893288678990776,1.7103419441404082,600.5239223392667,7.761622380494467,87.1171875,368.5263671875,18.5662,10.0,6.000000000000001,0.0,1.14093005657196,1.0744875201,0.0349126848,1.0,0.0,0.0,0.0,1.0087066634344573,0.0006370722867187276,/Users/eracero/workspace/tfm-viu/results/batch_L/elena/c1corr/c1_details_Pluto_P0793183801OMS062SIMAGE0000.csv,1.0346442056428549,0.6848079816149533,0.7037262159114446,1.9052139307089582,1.9664121596736257,1.2626859437621811,0.04152467373341949,1.5479457739727445,0.07156206388481277,1.5479457739727445,0.07156206388481277,14.66,16.1442,21.213638
Pluto,0793183801,L,P0793183801OMS075SIMAGE0000.FTZ,18.041750899594092,0.05093623611023439,18.041750899594092,0.05093623611023439,1.27721489398709,0.04304116469395622,1456.0249791452825,49.06692775111009,2300.520658332389,6.978007823053871,1.7346255615599722,844.4956791871065,10.346146171414206,121.0224609375,411.705078125,18.5662,13.0,5.999999999999999,0.0,1.14093351364136,1.0744875201,0.0349126848,1.0,0.0,0.0,0.0,1.0,0.0,,1.0352707717024368,0.7407856834974619,0.7614022508202549,2.018000577484552,2.0836654997481157,1.3222632489278607,0.04474583474663465,1.620987404065152,0.07604702906155686,1.620987404065152,0.07604702906155686,14.66,16.1442,21.213638
Pluto,0793183801,L,P0793183801OMS081SIMAGE0000.FTZ,17.979761272821676,0.050577547609023395,17.979761272821676,0.050577547609023395,1.3504183647820454,0.04488499784465507,1539.4769358515316,51.168897542906784,2497.6291530518793,6.898318712037939,1.636258159792034,958.1522172003476,10.983028849302556,138.896484375,428.1953125,18.5662,13.0,6.000000000000001,0.0,1.14093506336212,1.0744875201,0.0349126848,1.0,0.0,0.0,0.0,1.0,0.0,,1.0366803165646605,0.8404844010529365,0.8646880738838268,2.190902765834982,2.264640211780809,1.3999521378969821,0.04673157142488273,1.7162300064253087,0.07994826077242587,1.7162300064253087,0.07994826077242587,14.66,16.1442,21.213638
Pluto,0793183801,L,P0793183801OMS065SIMAGE0000.FTZ,18.017791758355393,0.05006534608092422,18.017791758355393,0.05006534608092422,1.306098046928783,0.04255024663962799,1488.9517734988126,48.507281169175904,2264.089543152135,6.66337370823541,1.6356328809333658,775.1377696533223,9.42691801562697,116.328125,407.3818359375,18.5662,13.0,6.0,0.0,1.1409307718277,1.0744875201,0.0349126848,1.0,0.0,0.0,0.0,1.0,0.0,,1.0349678219845377,0.6799454119765985,0.6987575409885085,1.9860434589053817,2.0505269919166498,1.3517694509281413,0.04422890799877114,1.6571556300802988,0.07641458893314967,1.6571556300802988,0.07641458893314967,14.66,16.1442,21.213638
Pluto,0793183801,L,P0793183801OMS072SIMAGE0000.FTZ,18.070184388144728,0.050459394455946174,18.070184388144728,0.050459394455946174,1.22919399046965,0.04064513340698489,1401.281149135401,46.33545208396277,2081.9672529320233,6.926519365679973,1.6034198934689965,680.6861037966224,8.06268360368846,98.2724609375,381.943359375,18.5662,10.0,5.999999999999999,0.0,1.14093255996704,1.0744875201,0.0349126848,1.0,0.0,0.0,0.0,1.00933290941069,0.0017504992662025199,/Users/eracero/workspace/tfm-viu/results/batch_L/elena/c1corr/c1_details_Pluto_P0793183801OMS072SIMAGE0000.csv,1.0382215350047412,0.7762209955575519,0.8009200597613405,2.0168869421884197,2.0890061633005503,1.28808610353921,0.04280155723800266,1.5790876783460026,0.07338782912437757,1.5790876783460026,0.07338782912437757,14.66,16.1442,21.213638
Pluto,0793183801,L,P0793183801OMS076SIMAGE0000.FTZ,18.043030732014614,0.05023320620139002,18.043030732014614,0.05023320620139002,1.2627656217169907,0.0409463350733351,1439.5528087573693,46.67882198360201,2107.0770708099008,6.814527842940095,1.6900802554321948,667.5242620525313,8.475573783933815,97.9560546875,381.5390625,18.5662,10.0,6.0,0.0,1.14093375205994,1.0744875201,0.0349126848,1.0,0.0,0.0,0.0,1.0100703537951465,0.00498317509095502,/Users/eracero/workspace/tfm-viu/results/batch_L/elena/c1corr/c1_details_Pluto_P0793183801OMS076SIMAGE0000.csv,1.035455714404461,0.7612118777792024,0.7824984946004007,2.0366939960672314,2.103203742602447,1.3207052480020463,0.04349980280289067,1.6190777597413641,0.07490906349349431,1.6190777597413641,0.07490906349349431,14.66,16.1442,21.213638
Pluto,0793183801,L,P0793183801OMS061SIMAGE0000.FTZ,18.10127181439742,0.050562931320973274,18.10127181439742,0.050562931320973274,1.1985878920172557,0.039823363387693066,1366.3901968996715,45.398634261970095,1998.400749655906,7.122969975372385,1.7168428486683567,632.0105527562346,7.914243058955101,88.728515625,370.4833984375,18.5662,10.0,6.0,0.0,1.14092969894409,1.0744875201,0.0349126848,1.0,0.0,0.0,0.0,1.0091090466571793,0.0005158721027295827,/Users/eracero/workspace/tfm-viu/results/batch_L/elena/c1corr/c1_details_Pluto_P0793183801OMS061SIMAGE0000.csv,1.0349110584831451,0.7207137882307938,0.74076122156569,1.930219673279165,1.992492237302693,1.251731015737003,0.04176030754652131,1.5345154812110304,0.07146267682700361,1.5345154812110304,0.07146267682700361,14.66,16.1442,21.213638
Pluto,0793183801,L,P0793183801OMS058SIMAGE0000.FTZ,18.093306421700422,0.05061779642240024,18.093306421700422,0.05061779642240024,1.211487142382476,0.04021875357896397,1381.0953423160227,45.84937908001893,2030.3985720165074,6.684157423328138,1.7044260572321013,649.3032297004848,8.471540002075761,97.140625,381.9736328125,18.5662,11.0,6.0,0.0,1.14092898368835,1.0744875201,0.0349126848,1.0,0.0,0.0,0.0,1.0047783015518086,0.002721699039208929,/Users/eracero/workspace/tfm-viu/results/batch_L/elena/c1corr/c1_details_Pluto_P0793183801OMS058SIMAGE0000.csv,1.0358774659012666,0.673121370502895,0.6929162926593495,1.8903973637778133,1.9538650638754191,1.2609487712160696,0.04215673070199277,1.5458146942830326,0.07206699741186937,1.5458146942830326,0.07206699741186937,14.66,16.1442,21.213638
Pluto,0793183801,L,P0793183801OMS078SIMAGE0000.FTZ,18.036955477570366,0.05102980163316819,18.036955477570366,0.05102980163316819,1.2821027229213027,0.04336084129138864,1461.597104130285,49.43135907218305,2340.885569143109,6.789001984340296,1.6017320729873308,879.288465012824,10.127867030129524,129.5166015625,419.560546875,18.5662,13.0,6.0,0.0,1.14093422889709,1.0744875201,0.0349126848,1.0,0.0,0.0,0.0,1.0,0.0,,1.0358884751063675,0.7713056710638807,0.7932788661331929,2.0534083939851833,2.121394300709863,1.32811543457667,0.04510241100033092,1.628162729300954,0.07652396264169688,1.628162729300954,0.07652396264169688,14.66,16.1442,21.213638
Pluto,0793183801,L,P0793183801OMS056SIMAGE0000.FTZ,18.013391146613074,0.04951754816758674,18.013391146613074,0.04951754816758674,1.3103993657190416,0.041768543123423825,1493.8552769197074,47.61613916070316,2188.948737888597,6.429713408479985,1.6370475685821666,695.0934609688895,8.851438904655675,108.1064453125,399.7587890625,18.5662,13.0,6.000000000000001,0.0,1.14092814922333,1.0744875201,0.0349126848,1.0,0.0,0.0,0.0,1.0,0.0,,1.0357625310120304,0.609731106113061,0.6275303350701436,1.9201304718321026,1.9847928987438572,1.3572625636737137,0.04343822221243831,1.6638858994959735,0.07588543639859069,1.6638858994959735,0.07588543639859069,14.66,16.1442,21.213638
Pluto,0793183801,L,P0793183801OMS068SIMAGE0000.FTZ,17.98405194065982,0.04892440288004914,17.98405194065982,0.04892440288004914,1.3462727172040052,0.041854714114650964,1534.750897612566,47.7143740907021,2211.327925303951,6.709551573301616,1.5892293477545376,676.5770276913851,8.082918381594176,100.837890625,393.0830078125,18.5662,13.0,6.0,0.0,1.14093148708344,1.0744875201,0.0349126848,1.0,0.0,0.0,0.0,1.0,0.0,,1.0357745542633843,0.5934886207819167,0.6107809065656469,1.9397613379859218,2.0052159301445807,1.3944350235789338,0.04353545102153607,1.7094611046054622,0.077030110256537,1.7094611046054622,0.077030110256537,14.66,16.1442,21.213638
Pluto,0793183801,L,P0793183801OMS055SIMAGE0000.FTZ,17.983326488951736,0.049132771712883404,17.983326488951736,0.049132771712883404,1.3486302964628702,0.042286583383503294,1537.4385379676721,48.20670505719376,2246.9626186450478,6.041465301416358,1.5092260037010636,709.5240806773757,8.770621062742501,117.4423828125,408.4111328125,18.5662,13.0,6.0,0.0,1.14092791080475,1.0744875201,0.0349126848,1.0,0.0,0.0,0.0,1.0,0.0,,1.034658220329111,0.6223895444538382,0.6394411908742742,1.9710198409167083,2.034812613294469,1.3953714224201947,0.043950307338971394,1.7106036895830687,0.07740988653917802,1.7106036895830687,0.07740988653917802,14.66,16.1442,21.213638
Pluto,0793183801,L,P0793183801OMS054SIMAGE0000.FTZ,17.961069035388057,0.04939289201393727,17.961069035388057,0.04939289201393727,1.371332746898614,0.04348072848234368,1563.31933146442,49.5680304698718,2359.164097697474,6.396993921446268,1.6192406239667267,795.844766233054,9.890679802959196,124.4091796875,414.8349609375,18.5662,13.0,6.0,0.0,1.14315366744995,1.0744875201,0.0349126848,1.0,0.0,0.0,0.0,1.0,0.0,,1.03658172828344,0.6981094440640824,0.7186985954833195,2.0694421909626963,2.1401970643151618,1.4214984688318424,0.04526116856792112,1.7460327516920937,0.07943147059425618,1.7460327516920937,0.07943147059425618,14.66,16.1442,21.213638
Pluto,0793183801,L,P0793183801OMS069SIMAGE0000.FTZ,18.00460447939049,0.04888268612976398,18.00460447939049,0.04888268612976398,1.3207979519770716,0.04097972159063145,1505.7096652538617,46.716882613319854,2120.5127891267184,6.134970461768943,1.5560902505634304,614.8031238728569,7.871107417637518,100.212890625,392.5048828125,18.5662,13.0,6.000000000000001,0.0,1.14315581321716,1.0744875201,0.0349126848,1.0,0.0,0.0,0.0,1.0,0.0,,1.0339392367430313,0.5393009858533833,0.5539122959671055,1.8600989378304549,1.9195371223260378,1.3656248263589323,0.04256020597106638,1.6774060622199316,0.07552122620200515,1.6774060622199316,0.07552122620200515,14.66,16.1442,21.213638
Pluto,0793183801,L,P0793183801OMS057SIMAGE0000.FTZ,18.005007974419037,0.049337991573953965,18.005007974419037,0.049337991573953965,1.3197825746537901,0.041743214710117084,1504.5521351053208,47.587264769533476,2183.446588732302,6.0996913294963555,1.622305860617966,678.8944536269815,9.005619329806233,111.2998046875,402.0009765625,18.5662,13.0,5.999999999999999,0.0,1.14315402507782,1.0744875201,0.0349126848,1.0,0.0,0.0,0.0,1.0,0.0,,1.03435184811933,0.5955214505499838,0.6117784303393337,1.915304025203774,1.9768979755481688,1.3651195452088352,0.04336735624562764,1.6767827991709223,0.0761963272994963,1.6767827991709223,0.0761963272994963,14.66,16.1442,21.213638
Pluto,0793183801,L,P0793183801OMS079SIMAGE0000.FTZ,18.057266409348195,0.050267480609942614,18.057266409348195,0.050267480609942614,1.2577386311554235,0.041307681526060916,1433.8220395171827,47.09075693970944,2144.359281094745,6.985044116733455,1.6691099913190874,710.5372415775621,8.554537279131358,101.72265625,393.923828125,18.5662,13.0,6.0,0.0,1.14315724372864,1.0744875201,0.0349126848,1.0,0.0,0.0,0.0,1.0,0.0,,1.0343694556894378,0.6232782820855808,0.6403936001240436,1.8810169132410044,1.9413600234318575,1.300966423307814,0.04290733952355037,1.597987715133668,0.07398374603532365,1.597987715133668,0.07398374603532365,14.66,16.1442,21.213638
Pluto,0793183801,L,P0793183801OMS059SIMAGE0000.FTZ,17.948911899417187,0.04905300377268809,17.948911899417187,0.04905300377268809,1.3899222377811404,0.043417319610512685,1584.5113510705,49.49574435598446,2355.2816788866185,5.7905461778809375,1.50218177280543,770.7703278161185,9.723529732887624,133.1083984375,422.87109375,18.5662,13.0,6.0,0.0,1.14315450191498,1.0744875201,0.0349126848,1.0,0.0,0.0,0.0,1.0,0.0,,1.0342330933783694,0.6761143226457181,0.6937571681058697,2.0660365604268587,2.1312607436416444,1.4375035755357746,0.04512548532957097,1.7656931827641538,0.07977312565443134,1.7656931827641538,0.07977312565443134,14.66,16.1442,21.213638
Pluto,0793183801,L,P0793183801OMS060SIMAGE0000.FTZ,17.935886451834968,0.04885572016992299,17.935886451834968,0.04885572016992299,1.403611578988238,0.04350560775020116,1600.1172000465913,49.596392835229324,2365.1018198053353,6.1635999955383,1.5964361278860768,764.9846197587439,9.731411123832517,124.11328125,414.560546875,18.5662,13.0,6.0,0.0,1.14315462112427,1.0744875201,0.0349126848,1.0,0.0,0.0,0.0,1.0,0.0,,1.0365067271431296,0.6710391401392489,0.6907680724565811,2.074650719127487,2.14562091637388,1.454852843917299,0.04528881483316019,1.7870035664793975,0.08041121063184035,1.7870035664793975,0.08041121063184035,14.66,16.1442,21.213638
Pluto,0793183801,L,P0793183801OMS077SIMAGE0000.FTZ,18.03862337830483,0.05007093383415759,18.03862337830483,0.05007093383415759,1.27784878869797,0.04165643528788858,1456.7476191156857,47.48833622819298,2164.0202212973963,6.698673159271092,1.8024628726303256,707.2726021817108,9.545776889520807,105.583984375,397.4716796875,18.5662,13.0,6.0,0.0,1.14315700531006,1.0744875201,0.0349126848,1.0,0.0,0.0,0.0,1.0,0.0,,1.0357237267802566,0.6204145633172903,0.6385482142578618,1.89826335201526,1.9620465239497598,1.323498309691898,0.04331349583874699,1.6256634767072908,0.07497079251200783,1.6256634767072908,0.07497079251200783,14.66,16.1442,21.213638
Pluto,0793183801,L,P0793183801OMS073SIMAGE0000.FTZ,18.023385355645324,0.04949713847242114,18.023385355645324,0.04949713847242114,1.297734801472533,0.04131774965108282,1479.4176736786876,47.10223460223442,2151.3576444196515,6.670155202205852,1.6139394787357701,671.9399707409638,8.201393790343085,100.73828125,392.99609375,18.5662,13.0,6.0,0.0,1.14315640926361,1.0744875201,0.0349126848,1.0,0.0,0.0,0.0,1.0,0.0,,1.0342674933447626,0.5894210269657577,0.6055337660653957,1.8871558284382908,1.9477386862106554,1.3422049201452597,0.0429203505270479,1.6486400951698668,0.07515912439286204,1.6486400951698668,0.07515912439286204,14.66,16.1442,21.213638
Pluto,0793183801,L,P0793183801OMS064SIMAGE0000.FTZ,17.996341271403235,0.05030900805209618,17.996341271403235,0.05030900805209618,1.3273087849280514,0.04367268540669198,1513.1320148179786,49.78686136362886,2358.3784159030765,6.4713664107959765,1.7223538140720656,845.2464010850979,10.97055826009432,130.61328125,420.49609375,18.5662,13.0,6.000000000000001,0.0,1.14315521717072,1.0744875201,0.0349126848,1.0,0.0,0.0,0.0,1.0,0.0,,1.0367282771527788,0.7414442114781561,0.7634208423035305,2.0687529964062072,2.1394793921517374,1.376058549848207,0.045457816075168994,1.690220992927404,0.07831861662780525,1.690220992927404,0.07831861662780525,14.66,16.1442,21.213638
Pluto,0793183801,L,P0793183801OMS074SIMAGE0000.FTZ,18.0355406264044,0.05004024705797622,18.0355406264044,0.05004024705797622,1.2813367283079307,0.04171644234743497,1460.723870271041,47.55674427607586,2185.5462657528697,6.77868113005756,1.6290351525592672,724.8223954818285,8.723397296191681,106.9267578125,398.71484375,18.5662,13.0,6.0,0.0,1.1431565284729,1.0744875201,0.0349126848,1.0,0.0,0.0,0.0,1.0,0.0,,1.035841717765684,0.6358091188437093,0.6544260320011246,1.91714584715164,1.981688069687873,1.3272620376867483,0.043383791367486005,1.630285813641151,0.07513788332496756,1.630285813641151,0.07513788332496756,14.66,16.1442,21.213638
Pluto,0793183801,L,P0793183801OMS063SIMAGE0000.FTZ,18.057164010205025,0.04975295262776142,18.057164010205025,0.04975295262776142,1.2584506886736595,0.040491577722724006,1434.6337850879718,46.16039860390537,2069.786486608442,6.679638146831278,1.6173960170667958,635.1527015204703,7.809988006584075,95.087890625,387.77734375,18.5662,13.0,6.0,0.0,1.14315509796143,1.0744875201,0.0349126848,1.0,0.0,0.0,0.0,1.0,0.0,,1.0338836326238248,0.5571514925618161,0.5723164788753271,1.8156021812354757,1.873408048359204,1.301091569483877,0.04204153307734386,1.5981384334100739,0.07323336959450202,1.5981384334100739,0.07323336959450202,14.66,16.1442,21.213638
Pluto,0793183801,L,P0793183801OMS067SIMAGE0000.FTZ,18.096041650319673,0.050555673593994994,18.096041650319673,0.050555673593994994,1.2144451331732216,0.040338341305807386,1384.4674518174725,45.98570908862042,2047.4383016605861,6.814991068094969,1.6642674956843606,662.9708498431137,8.200435276413073,97.28125,389.7900390625,18.5662,13.0,6.000000000000001,0.0,1.14315557479858,1.0744875201,0.0349126848,1.0,0.0,0.0,0.0,1.0,0.0,,1.0336624189306134,0.5815533770553629,0.5972422659804155,1.7959985102285845,1.8525685599947586,1.255326294014343,0.041868539042778014,1.5419253193361995,0.07179744721615328,1.5419253193361995,0.07179744721615328,14.66,16.1442,21.213638
Pluto,0793183801,L,P0793183801OMS070SIMAGE0000.FTZ,18.03385186951038,0.04863915487095078,18.03385186951038,0.04863915487095078,1.2630901997980317,0.03833924941840873,1439.9228277697562,43.706744336985956,1875.2872426752,6.940994891142234,1.7278395548703136,435.3644149054439,5.915425416946282,62.7236328125,335.658203125,18.5662,9.0,6.0,0.0,1.14315593242645,1.0744875201,0.0349126848,1.0,0.0,0.0,0.0,1.0165847663707466,0.0047810823980697255,/Users/eracero/workspace/tfm-viu/results/batch_L/elena/c1corr/c1_details_Pluto_P0793183801OMS070SIMAGE0000.csv,1.03527193062606,0.551631324928925,0.5676254985805057,1.8356695805957868,1.8969542625224562,1.3293287639419504,0.0409971009766356,1.632823537481221,0.07314776052049744,1.632823537481221,0.07314776052049744,14.66,16.1442,21.213638
Pluto,0793183801,L,P0793183801OMS080SIMAGE0000.FTZ,18.030760033581117,0.05025669143732493,18.030760033581117,0.05025669143732493,1.2882049085528096,0.04228596514115459,1468.553595750203,48.206000260916234,2244.398673511576,6.895143763963566,1.5916622354484162,775.8450777613731,8.911778029320537,112.5205078125,403.865234375,18.5662,13.0,6.0,0.0,1.14315736293793,1.0744875201,0.0349126848,1.0,0.0,0.0,0.0,1.0,0.0,,1.0348648674145104,0.680565857685415,0.6993563271491957,1.9687707662382246,2.0324743290414204,1.3331180018922248,0.04394913645660262,1.637479933248974,0.07579588752708312,1.637479933248974,0.07579588752708312,14.66,16.1442,21.213638
Potomac,0674480401,L,P0674480401OMS407SIMAGE1000.FTZ,19.410771508360483,0.08764389197227838,19.410771508360483,0.08764389197227838,0.41711599205972,0.030764477986341184,450.48527142449757,33.22563622524848,1029.9113597648684,4.254955821008568,1.3036389709743241,579.4260883403708,8.604158460167712,136.1767578125,425.7001953125,18.5662,13.0,6.0,0.0,1.0,1.0744875201,0.0349126848,1.0,0.0,0.0,0.0,1.0,0.0,,1.0249747816062735,0.5365056373521953,0.547175323367512,0.9536216294119153,0.9747086962334076,0.42753337286589566,0.03159251768564801,0.4593792735706648,0.037082483612159,0.4593792735706648,0.037082483612159,16.23,17.7142,19.507391
#Sarpedon,0800400501,L,P0800400501OMS408SIMAGE1000.FTZ,19.782552743092303,0.07198644174352825,19.782552743092303,0.07198644174352825,0.2952451940404504,0.017046919939090303,885.7355821213512,51.14075981727091,2413.683635459747,10.510955598823813,2.0351607717666003,1527.948053338396,14.20188998788696,145.3671875,433.9482421875,18.5662,13.0,5.999999999999999,0.0,1.0,1.0744875201,0.0349126848,1.0,0.0,0.0,0.0,1.0,0.0,,1.0281931120530519,0.5093160177794653,0.5220389486127506,0.8045612118199157,0.8256080234919084,0.30356907487915785,0.017544600004174855,0.3261811824459575,0.021626456788741536,0.3261811824459575,0.021626456788741536,17.12,18.6042,20.12307
#Tinette,0400890201,L,P0400890201OMS412SIMAGE2000.FTZ,20.52737447282231,0.20482058071261483,20.52737447282231,0.20482058071261483,0.14659987071316086,0.027234778007630422,645.0394311379077,119.83302323357385,10870.55204247497,29.51493491223578,3.3289998175683486,10225.512611337062,59.07115552300701,346.4521484375,381.208984375,18.5662,13.0,4.0,0.0,1.0,1.0744875201,0.0349126848,1.0,0.0,0.0,0.0,1.0,0.0,,1.0427861345862695,2.3239801389402412,2.401799316176553,2.470580009653402,2.554671628688377,0.15287231251182387,0.028407873310624675,0.16425939196278183,0.03098700241063941,0.16425939196278183,0.03098700241063941,17.44,18.9242,20.89806
#Tinette,0400890201,L,P0400890201OMS409SIMAGE2000.FTZ,20.12807128819226,0.1117639317008806,20.12807128819226,0.1117639317008806,0.191542263995661,0.018434747637928347,842.7859615809084,81.11288960688472,5917.460726922378,27.1750476394435,3.1417595476208833,5074.6747653414695,25.726253778121098,186.740234375,520.078125,18.5662,8.0,6.0,0.0,1.08978807926178,1.0744875201,0.0349126848,1.0,0.0,0.0,0.0,1.0188765723675801,0.016558598389460808,/Users/eracero/workspace/tfm-viu/results/batch_L/elena/c1corr/c1_details_Tinette_P0400890201OMS409SIMAGE2000.csv,1.0382976314193382,1.87416965765452,1.9249141979195459,2.069327583057945,2.127546209618634,0.2026320116990883,0.019792240522130914,0.2372747282772905,0.024424681990399228,0.2372747282772905,0.024424681990399228,17.44,18.9242,20.89806
Seeligeria,0303670101,L,P0303670101OMS413SIMAGE1000.FTZ,18.563822374170844,0.04821838307679921,18.563822374170844,0.04821838307679921,0.8226137328114976,0.024254397454815186,1645.2274656229952,48.508794909630375,2283.817815535236,6.368675733709934,1.6423645203167723,638.5903499122411,8.3237832774133,100.2705078125,391.4208984375,18.5662,8.0,5.999999999999999,0.0,1.07366073131561,1.0744875201,0.0349126848,1.0,0.0,0.0,0.0,1.0277939125151143,0.006516601261988077,/Users/eracero/workspace/tfm-viu/results/batch_L/elena/c1corr/c1_details_Seeligeria_P0303670101OMS413SIMAGE1000.csv,1.0274971098043544,0.5188546593036959,0.5295195199646973,1.3643320462386879,1.3982450914453393,0.868725571480642,0.02630045635135442,1.0021922738423663,0.04450814099996654,1.0021922738423663,0.04450814099996654,15.63,17.1142,20.0592
Lictoria,0012440101,L,P0012440101OMS410SIMAGE1000.FTZ,18.412911688892656,0.06305146051635876,18.412911688892656,0.06305146051635876,1.0249616061326519,0.04923390114929761,819.9692849061214,39.38712091943809,1437.732852383866,3.4872651218148314,1.295433519724743,617.7635674777446,10.65891373164131,177.1484375,463.53125,18.5662,13.0,6.0,0.0,1.0,1.0744875201,0.0349126848,1.0,0.0,0.0,0.0,1.0,0.0,,1.045698177904053,0.7722044593471807,0.8041679645048525,1.7971660654798325,1.8759684484593782,1.0718004839545257,0.051587627464816675,1.151636244046278,0.06687845587757209,1.151636244046278,0.06687845587757209,15.29,16.7742,19.364645
Ariane,0675470501,L,P0675470501OMS401SIMAGE1000.FTZ,20.454822182406375,0.25523219518938994,20.454822182406375,0.25523219518938994,0.15587247429381024,0.03627502648867209,467.6174228814307,108.82507946601628,9006.48979038652,14.58810753183747,2.6375238341052345,8538.87236750509,53.257939599633765,585.3310546875,840.2861328125,18.5662,13.0,6.0,0.0,1.0,1.0744875201,0.0349126848,1.0,0.0,0.0,0.0,1.0,0.0,,1.0485286992395235,2.8462907891683633,2.938611043256426,3.0021632634621733,3.1020478059749608,0.1634367627185349,0.03805154414673121,0.1756107618666107,0.04128215353464954,0.1756107618666107,0.04128215353464954,16.84,18.3242,19.927706
Ariane,0675470501,L,P0675470501OMS402SIMAGE1000.FTZ,,,,,,,,,,,,,,,,,,,,,,,,,,,,,,,,,,,,,,,,,,,[TOTALLY OUT]
Flagstaff,0804250301,L,P0804250301OMS008FSIMAGL000.FTZ,20.523093055229026,0.1617411532403266,20.523093055229026,0.1617411532403266,0.0925428237230667,0.013178005026652204,462.7141186153335,65.89002513326102,4069.435245331377,30.788129459954554,3.585791410400797,3606.7211267160433,16.494246473555336,117.146484375,648.580078125,18.5662,3.0,6.0,0.0,1.14558386802673,1.0744875201,0.0349126848,1.0,0.0,0.0,0.0,1.3746922005910527,0.039829370836146426,/Users/eracero/workspace/tfm-viu/results/batch_L/elena/c1corr/c1_details_Flagstaff_P0804250301OMS008FSIMAGL000.csv,1.0530919608675855,3.125824976487237,3.2319716250322514,3.2530428744800095,3.3659437706869126,0.1339721456546612,0.01947719420364546,0.1649083999552757,0.02456626176877557,0.1649083999552757,0.02456626176877557,17.51,18.9942,20.047064
Epstein,0205330501,L,P0205330501OMS401SIMAGE1000.FTZ,20.764574376867483,0.23973769182192964,20.764574376867483,0.23973769182192964,0.11027748966422322,0.024074021886224976,92.6330913179475,20.22217838442898,380.25865633250214,3.5595158389116306,1.2595515680987714,287.62556501455464,5.35516967790606,80.8046875,361.208984375,18.5662,8.0,6.000000000000001,0.0,1.06195199489594,1.0744875201,0.0349126848,1.0,0.0,0.0,0.0,1.0244704057903709,0.0012640173062674655,/Users/eracero/workspace/tfm-viu/results/batch_L/elena/c1corr/c1_details_Epstein_P0205330501OMS401SIMAGE1000.csv,1.0241361587595927,0.5564185037483944,0.567961263279968,0.6693945283342446,0.6836640951312499,0.11570283185128194,0.02526982829451994,0.13202319823953734,0.02915159561154436,0.13202319823953734,0.02915159561154436,17.33,18.8142,19.402891
1996 UT,0412592401,L,P0412592401OMS010FSIMAGL000.FTZ,21.158947327457142,0.27773193550551334,21.158947327457142,0.27773193550551334,0.07328367374781815,0.018580908991636808,73.28367374781814,18.580908991636807,328.9039992375765,5.227472156681496,1.4600425795220073,255.62032548975836,4.04304089985658,48.8994140625,311.8330078125,18.5662,7.0,5.999999999999999,0.0,1.1047397851944,1.0744875201,0.0349126848,1.0,0.0,0.0,0.0,1.0329231684778228,0.007070244954222265,/Users/eracero/workspace/tfm-viu/results/batch_L/elena/c1corr/c1_details_1996_UT_P0412592401OMS010FSIMAGL000.csv,1.0217965862282756,0.474723461623837,0.4835943861476556,0.5504198661091284,0.560940713840481,0.07734632769282546,0.019624974715704006,0.09181234268922632,0.023485653638061457,0.09181234268922632,0.023485653638061457,17.96,19.4442,20.054035
Fredtreasure,0303561001,L,P0303561001OMS007SIMAGE0000.FTZ,19.882010727291803,0.10329154961208974,19.882010727291803,0.10329154961208974,0.24113424395469385,0.021383832191967586,940.423551423306,83.39694554867359,5997.822210850194,14.836562224443522,2.587045958944861,5057.398659426888,30.93910658047888,340.8740234375,812.419921875,18.5662,7.0,6.0,0.0,1.0577484369278,1.0744875201,0.0349126848,1.0,0.0,0.0,0.0,1.0387100675073073,0.011582681416491526,/Users/eracero/workspace/tfm-viu/results/batch_L/elena/c1corr/c1_details_Fredtreasure_P0303561001OMS007SIMAGE0000.csv,1.045535324449128,2.408285075917566,2.4974442222826365,2.6587536427340694,2.7593179565534376,0.2618737342708011,0.02341526309933603,0.29762931792410774,0.028314980306787654,0.29762931792410774,0.028314980306787654,16.43,17.9142,20.256231
Barbara,0781040101,L,P0781040101OMS008FSIMAGL000.FTZ,15.855934856994239,0.03595262728907428,15.855934856994239,0.03595262728907428,8.930382158926607,0.054432136309137215,40186.71971516973,244.94461339111746,54994.267367925495,15.952111664697828,2.591883878836608,14807.547652755758,70.73610295597639,928.25,1156.8544921875,18.5662,13.0,6.0,0.0,1.13721549510956,1.0744875201,0.0349126848,1.0,0.0,0.0,0.0,1.0,0.0,,1.1122229928045413,3.290566145056835,3.4054964955272844,12.220948303983441,13.338072867216916,9.932576371689631,0.06340846165726051,12.136852031626951,0.4018948598514996,12.136852031626951,0.4018948598514996,12.36,13.8442,20.696785
Barbara,0781040101,L,P0781040101OMS010FSIMAGL000.FTZ,15.910348752160681,0.03602070342556583,15.910348752160681,0.03602070342556583,8.485326468176803,0.05447762733591991,38183.969106795616,245.1493230116396,54400.42360479012,17.456478151027447,2.7644795370047786,16216.454497994502,75.48355429015704,928.96484375,1157.4990234375,18.5662,13.0,6.0,0.0,1.13721811771393,1.0744875201,0.0349126848,1.0,0.0,0.0,0.0,1.0,0.0,,1.1133373968471536,3.603656555109889,3.736184737512298,12.088983023286692,13.183216018990512,9.447031281478214,0.06330951890545002,11.54357952348625,0.3829732591393605,11.54357952348625,0.3829732591393605,12.36,13.8442,20.696785
#Pobeda,0305540501,L,P0305540501OMS008FSIMAGL000.FTZ,20.120845425880233,0.12411061006345318,20.120845425880233,0.12411061006345318,0.18043878818980041,0.018919411436127753,541.3163645694012,56.75823430838326,3007.3761451859027,20.833465736206264,2.7310936173511244,2466.0597806165015,14.632874516629721,118.3701171875,488.087890625,18.5662,5.0,6.000000000000002,0.0,1.05527579784393,1.0744875201,0.0349126848,1.0,0.0,0.0,0.0,1.1206721171518983,0.03539126021932054,/Users/eracero/workspace/tfm-viu/results/batch_L/elena/c1corr/c1_details_Pobeda_P0305540501OMS008FSIMAGL000.csv,1.0417559933490825,2.1372518098676347,2.1975056350999416,2.3394645286446214,2.40816194681728,0.21065631171733834,0.023086861718036544,0.23885912093294015,0.02730401425227435,0.23885912093294015,0.02730401425227435,16.38,17.8642,21.516909
Pobeda,0305540501,L,P0305540501OMS008FSIMAGL000.FTZ,20.06403511290476,0.12530625291369923,20.06403511290476,0.12530625291369923,0.19587663087031842,0.021134996272521876,587.6298926109553,63.40498881756562,3654.3698021946475,20.85511038998599,2.9376277912866855,3066.739909583692,19.126494837292444,147.0498046875,510.095703125,18.5662,6.0,6.000000000000002,0.0,1.05527579784393,1.0744875201,0.0349126848,1.0,0.0,0.0,0.0,1.0867809711924465,0.026671945841710183,/Users/eracero/workspace/tfm-viu/results/batch_L/elena/c1corr/c1_details_Pobeda_P0305540501OMS008FSIMAGL000.csv,1.042734997791066,2.214867712477111,2.27830546295096,2.42774270760826,2.5002776705288117,0.22197220757785185,0.024581878439291452,0.2516899965700193,0.029047881221633,0.2516899965700193,0.029047881221633,16.38,17.8642,21.516909
Pobeda,0305540501,L,P0305540501OMS022FSIMAGL000.FTZ,20.344330381939532,0.21012305982918952,20.344330381939532,0.21012305982918952,0.1642672699191183,0.03131916638126453,492.80180975735493,93.9574991437936,7482.19235848356,21.898717439075586,2.8027982087426526,6989.390548726205,36.68540972747086,319.1689453125,594.6181640625,18.5662,13.0,5.999999999999998,0.0,1.05529880523682,1.0744875201,0.0349126848,1.0,0.0,0.0,0.0,1.0,0.0,,1.0438064731572256,2.329796849575402,2.3980796022920376,2.4940641194945203,2.5695428419614785,0.17146323966944088,0.03271234098941044,0.1944230927116965,0.03762680351580482,0.1944230927116965,0.03762680351580482,16.38,17.8642,21.516909
Pobeda,0305540501,L,P0305540501OMS025FSIMAGL000.FTZ,,,,,,,,,,,,,,,,,,,,,,,,,,,,,,,,,,,,,,,,,,,
Pobeda,0305540501,L,P0305540501OMS021FSIMAGL000.FTZ,20.35703116841676,0.21374378663832672,20.35703116841676,0.21374378663832672,0.16238214994306266,0.031509683007630365,487.146449829188,94.52904902289109,7438.598861593753,21.32743472788069,2.9099127166997114,6951.452411764565,38.69292244814796,325.939453125,600.8564453125,18.5662,13.0,6.000000000000002,0.0,1.05529725551605,1.0744875201,0.0349126848,1.0,0.0,0.0,0.0,1.0,0.0,,1.0436456352532502,2.3171508039215216,2.384892810294365,2.4795329538645845,2.5543622323254813,0.16946942203111615,0.03290509943877838,0.19216200993959287,0.03783003939495453,0.19216200993959287,0.03783003939495453,16.38,17.8642,21.516909
Pobeda,0305540501,L,P0305540501OMS018FSIMAGL000.FTZ,19.877362275589714,0.1400761382992973,19.877362275589714,0.1400761382992973,0.2528120750747524,0.03153624362417285,758.4362252242572,94.60873087251855,7336.467393285595,20.76489620824014,3.087046727395502,6578.031168061338,40.17890695406048,316.7861328125,592.41015625,18.5662,13.0,6.0,0.0,1.05529236793518,1.0744875201,0.0349126848,1.0,0.0,0.0,0.0,1.0,0.0,,1.0427089554130125,2.192677056020446,2.2551972694484674,2.445489131095198,2.5188066841654586,0.2636094147169912,0.03291329228376526,0.2989063145039449,0.03856337290924114,0.2989063145039449,0.03856337290924114,16.38,17.8642,21.516909
Pobeda,0305540501,L,P0305540501OMS012FSIMAGL000.FTZ,20.407430870147454,0.22233565833537933,20.407430870147454,0.22233565833537933,0.15512738987965743,0.0313467584639003,465.3821696389723,94.04027539170092,7242.52332386747,20.000093784021296,2.923103229849999,6777.141154228498,40.01312374558476,338.85546875,612.791015625,18.5662,13.0,6.0,0.0,1.05528223514557,1.0744875201,0.0349126848,1.0,0.0,0.0,0.0,1.0,0.0,,1.0429156003311424,2.259047051409499,2.324328805245006,2.4141744412891564,2.4861135801891523,0.16178477494414611,0.03271037662598884,0.1834457488589507,0.03756579070914243,0.1834457488589507,0.03756579070914243,16.38,17.8642,21.516909
Pobeda,0305540501,L,P0305540501OMS016FSIMAGL000.FTZ,19.855662699191953,0.13733172247149067,19.855662699191953,0.13733172247149067,0.2579035927654128,0.031496927917785314,773.7107782962385,94.49078375335594,7357.253133008257,19.900953111319705,2.94775459190392,6583.542354712018,39.639060045808584,330.8154296875,605.2119140625,18.5662,13.0,5.999999999999998,0.0,1.05528914928436,1.0744875201,0.0349126848,1.0,0.0,0.0,0.0,1.0,0.0,,1.0427607598264237,2.1945141182373393,2.257110070079234,2.4524177110027523,2.5260418164332603,0.2689317463540264,0.03287492223386503,0.30494036818046966,0.03857105780163358,0.30494036818046966,0.03857105780163358,16.38,17.8642,21.516909
Pobeda,0305540501,L,P0305540501OMS006FSIMAGL000.FTZ,20.815519273879076,0.3137482554100548,20.815519273879076,0.3137482554100548,0.10661232840931917,0.030600669004272878,319.8369852279575,91.80200701281863,6956.1285452041775,21.408268853675487,2.9959648241159114,6636.29155997622,38.359874170510835,309.9873046875,586.1474609375,18.5662,13.0,6.000000000000002,0.0,1.05527257919312,1.0744875201,0.0349126848,1.0,0.0,0.0,0.0,1.0,0.0,,1.0420746545116242,2.21209718665874,2.2754200647328524,2.318709515068059,2.3865180700266735,0.11109800529382108,0.03190071751286188,0.12597149701756333,0.03640234589315765,0.12597149701756333,0.03640234589315765,16.38,17.8642,21.516909
Pobeda,0305540501,L,P0305540501OMS011FSIMAGL000.FTZ,20.18908771713193,0.17313987108202436,20.18908771713193,0.17313987108202436,0.19007733507408892,0.0296528582026192,570.2320052222667,88.9585746078576,6743.265584670007,20.035964098469965,2.6842617297608924,6173.0335794477405,34.21055994268086,308.09765625,584.39453125,18.5662,13.0,5.999999999999998,0.0,1.0552806854248,1.0744875201,0.0349126848,1.0,0.0,0.0,0.0,1.0,0.0,,1.0407471101620274,2.0576778598159136,2.1147410107662417,2.2477551948900025,2.312563447951899,0.1978224371856574,0.030884514500256807,0.22430807750863446,0.03576990320160858,0.22430807750863446,0.03576990320160858,16.38,17.8642,21.516909
Pobeda,0305540501,L,P0305540501OMS015FSIMAGL000.FTZ,20.025904957228907,0.15729697923575423,20.025904957228907,0.15729697923575423,0.2204845249490075,0.03110290056652626,661.4535748470225,93.30870169957878,7290.818029752001,19.899889490614157,2.783810522913006,6629.364454904979,37.62573299098602,333.1357421875,607.5078125,18.5662,13.0,6.0,0.0,1.0552875995636,1.0744875201,0.0349126848,1.0,0.0,0.0,0.0,1.0,0.0,,1.0427199752862104,2.2097881516349926,2.2730153608908883,2.430272676584,2.5029189792967093,0.22990361840582096,0.032458995675907584,0.2606861853956305,0.03776714550427034,0.2606861853956305,0.03776714550427034,16.38,17.8642,21.516909
Pobeda,0305540501,L,P0305540501OMS014FSIMAGL000.FTZ,19.962012328806527,0.1475551139056289,19.962012328806527,0.1475551139056289,0.23400245557580182,0.030852134179234422,702.0073667274055,92.55640253770326,7137.509957328439,19.733416338349443,2.841924322837911,6435.502590601033,37.80446657992842,326.1220703125,601.0341796875,18.5662,13.0,6.000000000000002,0.0,1.05528593063354,1.0744875201,0.0349126848,1.0,0.0,0.0,0.0,1.0,0.0,,1.0420369761692685,2.1451675302003443,2.2057428232229372,2.379169985776146,2.4495820344473294,0.24383921122439212,0.03217749447289538,0.27648722423907307,0.037575528366055454,0.27648722423907307,0.037575528366055454,16.38,17.8642,21.516909
Pobeda,0305540501,L,P0305540501OMS010FSIMAGL000.FTZ,20.093487513665963,0.17208857838826655,20.093487513665963,0.17208857838826655,0.20689666651004307,0.03207208050193648,620.6899995301292,96.21624150580945,7633.0806448459625,19.9624919610113,2.866745298413187,7012.390645315833,40.30489405343085,351.2783203125,624.259765625,18.5662,13.0,6.0,0.0,1.05527901649475,1.0744875201,0.0349126848,1.0,0.0,0.0,0.0,1.0,0.0,,1.0441498318830882,2.337463548438611,2.406075050057334,2.544360214948654,2.6221061696109667,0.21603111955363286,0.0335136094335698,0.2449542587926586,0.038825119702929775,0.2449542587926586,0.038825119702929775,16.38,17.8642,21.516909
Pobeda,0305540501,L,P0305540501OMS007FSIMAGL000.FTZ,20.402399382749266,0.22157462070748987,20.402399382749266,0.22157462070748987,0.15580751960378347,0.03137318327480551,467.4225588113504,94.11954982441652,7314.222100692801,20.71061398432805,2.9241857209481275,6846.799541881451,39.29716985303169,330.59375,605.1689453125,18.5662,13.0,6.0,0.0,1.05527424812317,1.0744875201,0.0349126848,1.0,0.0,0.0,0.0,1.0,0.0,,1.0431940882700268,2.282266513960484,2.3485266551261077,2.438074033564267,2.511064138484791,0.16253748335868323,0.032747166369300154,0.18429784070096042,0.037611098969293356,0.18429784070096042,0.037611098969293356,16.38,17.8642,21.516909
Pobeda,0305540501,L,P0305540501OMS017FSIMAGL000.FTZ,20.38888412855017,0.2179721635240816,20.38888412855017,0.2179721635240816,0.15775448042760368,0.03123454464816832,473.2634412828111,93.70363394450496,7320.793677183799,20.60757298619165,2.8320564107275867,6847.530235900988,38.204415153513104,332.2822265625,606.7236328125,18.5662,13.0,6.000000000000002,0.0,1.05529081821442,1.0744875201,0.0349126848,1.0,0.0,0.0,0.0,1.0,0.0,,1.0432084852190189,2.2825100786336625,2.348780516486083,2.440264559061266,2.5133513290494767,0.1645708125633938,0.032603612387461914,0.18660632008375666,0.03746305116153809,0.18660632008375666,0.03746305116153809,16.38,17.8642,21.516909
Pobeda,0305540501,L,P0305540501OMS013FSIMAGL000.FTZ,20.302939808138362,0.21320220521792557,20.302939808138362,0.21320220521792557,0.1704430396431238,0.03298887772441165,511.32911892937136,98.96663317323495,7816.474568862468,19.972469998402012,3.0703785623412627,7305.145449933097,44.473811538737955,365.7607421875,637.630859375,18.5662,13.0,6.0,0.0,1.05528438091278,1.0744875201,0.0349126848,1.0,0.0,0.0,0.0,1.0,0.0,,1.0450905485253725,2.435048483311032,2.5079051680591977,2.605491522954156,2.686033577852162,0.17812840979296407,0.03449628346747207,0.2019780043125834,0.03966171880176991,0.2019780043125834,0.03966171880176991,16.38,17.8642,21.516909
Pobeda,0305540501,L,P0305540501OMS019FSIMAGL000.FTZ,20.142292190083147,0.17648358749687326,20.142292190083147,0.17648358749687326,0.19794521471625529,0.03150263991557221,593.8356441487658,94.50791974671662,7425.00568167679,20.982794454362658,2.92178535462987,6831.170037528024,38.8167645892215,325.560546875,600.51171875,18.5662,13.0,6.0,0.0,1.05529403686523,1.0744875201,0.0349126848,1.0,0.0,0.0,0.0,1.0,0.0,,1.0433818001801023,2.2770566791760083,2.343096742445022,2.4750018938922635,2.5496291769127053,0.20653243446768332,0.032893756227095915,0.2341871837534867,0.03806652292509856,0.2341871837534867,0.03806652292509856,16.38,17.8642,21.516909
Pobeda,0305540501,L,P0305540501OMS020FSIMAGL000.FTZ,19.932369645387737,0.14703326834723632,19.932369645387737,0.14703326834723632,0.24019129053128865,0.03154854681832528,720.573871593866,94.64564045497583,7461.589572001249,20.718925445777934,2.9129655856135424,6741.015700407383,38.680843904073626,325.35546875,600.3369140625,18.5662,13.0,6.0,0.0,1.055295586586,1.0744875201,0.0349126848,1.0,0.0,0.0,0.0,1.0,0.0,,1.0432764131152459,2.2470052334691277,2.3117820916992122,2.4871965240004164,2.562367999746217,0.25058590804700476,0.0329437500187943,0.2841398467206897,0.03847897677798817,0.2841398467206897,0.03847897677798817,16.38,17.8642,21.516909
Pobeda,0305540501,L,P0305540501OMS024FSIMAGL000.FTZ,,,,,,,,,,,,,,,,,,,,,,,,,,,,,,,,,,,,,,,,,,,
Pobeda,0305540501,L,P0305540501OMS023FSIMAGL000.FTZ,20.093089571633545,0.17778997467620097,20.093089571633545,0.17778997467620097,0.20658344223985325,0.033130403998917486,619.7503267195598,99.39121199675246,8124.352499075234,23.609818563179626,3.2098931771009545,7504.602172355674,41.8838933613884,317.859375,593.4130859375,18.5662,13.0,6.0,0.0,1.05530047416687,1.0744875201,0.0349126848,1.0,0.0,0.0,0.0,1.0,0.0,,1.0460950637120787,2.501534057451891,2.5773476096970764,2.7081174996917445,2.7934535288688362,0.2161059191717598,0.03468383438671354,0.24504405543110827,0.04012612311800504,0.24504405543110827,0.04012612311800504,16.38,17.8642,21.516909
Pobeda,0305540501,L,P0305540501OMS009FSIMAGL000.FTZ,20.09679834286368,0.1668529247929846,20.09679834286368,0.1668529247929846,0.20383554175181356,0.03059296663339473,611.5066252554407,91.7788999001842,7040.494788340293,20.37058407492787,2.8652071277155753,6428.988163084852,37.18698264914399,315.6015625,591.30078125,18.5662,13.0,6.000000000000002,0.0,1.07023990154266,1.0744875201,0.0349126848,1.0,0.0,0.0,0.0,1.0,0.0,,1.041833304743353,2.1429960543616176,2.2034830875233866,2.346831596113431,2.4158457436108303,0.21236265608744365,0.03189750810183526,0.24420843633992542,0.037529281392933406,0.24420843633992542,0.037529281392933406,16.38,17.8642,21.516909
Vivian,0693990301,L,P0693990301OMS011FSIMAGL000.FTZ,,,,,,,,,,,,,,,,,,,,,,,,,,,,,,,,,,,,,,,,,,,
Vivian,0693990301,L,P0693990301OMS015FSIMAGL000.FTZ,,,,,,,,,,,,,,,,,,,,,,,,,,,,,,,,,,,,,,,,,,,
#Brouwer,0801681301,L,P0801681301OMS006FSIMAGL000.FTZ,18.509573249472155,0.06397218025200038,18.509573249472155,0.06397218025200038,0.8043198569504785,0.03942631883611185,3056.415456411818,149.82001157722502,17725.044259872288,32.452648476595,4.071037736866507,14668.62880346047,68.70947248471313,452.0009765625,717.2255859375,18.5662,13.0,6.0,0.0,1.14337038993835,1.0744875201,0.0349126848,1.0,0.0,0.0,0.0,1.0,0.0,,1.0661875156217728,3.86016547459486,4.007999473107526,4.664485331545339,4.865555263154817,0.8575557900472903,0.042150212387963404,1.0535392018751522,0.062075126665143136,1.0535392018751522,0.062075126665143136,16.59,18.0742,20.203415
#Brouwer,0801681301,L,P0801681301OMS007FSIMAGL000.FTZ,19.23240537073546,0.10338254123696028,19.23240537073546,0.10338254123696028,0.4155457722534696,0.03714556768453724,1579.0739345631846,141.1531572012415,15228.46697779186,31.769686976536182,4.209579101302657,13649.393043228676,68.52551940763772,429.6357421875,696.583984375,18.5662,13.0,6.0,0.0,1.14337158203125,1.0744875201,0.0349126848,1.0,0.0,0.0,0.0,1.0,0.0,,1.0604988797046122,3.591945537691757,3.7237940673786722,4.007491309945227,4.164479893319465,0.4406858259407924,0.039442918455484456,0.5413995016906449,0.051551441887533286,0.5413995016906449,0.051551441887533286,16.59,18.0742,20.203415
#Brouwer,0801681301,L,P0801681301OMS006FSIMAGL000.FTZ,19.58295976018984,0.1548842577567281,19.58295976018984,0.1548842577567281,0.29870542156275454,0.04146239855387896,1135.0806019384672,157.55711450474004,17393.572696054354,36.59834273323031,5.170516429101158,16258.492094115887,86.20134358004758,444.2412109375,710.03125,18.5662,13.0,6.0,0.0,1.14337038993835,1.0744875201,0.0349126848,1.0,0.0,0.0,0.0,1.0,0.0,,1.068229762874938,4.278550551083128,4.453079173339022,4.577255972645882,4.772165194984462,0.31908602164543964,0.04432232531549413,0.3920090523268646,0.055921541796131666,0.3920090523268646,0.055921541796131666,16.59,18.0742,20.203415
#Brouwer,0801681301,L,P0801681301OMS007FSIMAGL000.FTZ,19.324086382514942,0.11375285025153124,19.324086382514942,0.11375285025153124,0.38117612148286467,0.037923249905544146,1448.4692616348857,144.10834964106775,15785.968098623678,32.06121279748719,4.213642141703028,14337.498836988792,70.57795929076268,447.19140625,712.7939453125,18.5662,13.0,6.0,0.0,1.14337158203125,1.0744875201,0.0349126848,1.0,0.0,0.0,0.0,1.0,0.0,,1.0625050203994595,3.773026009733893,3.915570363076707,4.154202131216758,4.320571905808645,0.405001542731938,0.04033996784082643,0.49755998607605084,0.05212949242473583,0.49755998607605084,0.05212949242473583,16.59,18.0742,20.203415
Brouwer,0801681301,L,P0801681301OMS006FSIMAGL000.FTZ,19.508666808042022,0.14154736674222834,19.508666808042022,0.14154736674222834,0.32016301918177686,0.040388311321328696,1216.6194728907521,153.47558302104903,17124.384766101837,36.67438522053226,4.89265428933828,15907.765293211085,80.18958671516567,433.7568359375,700.3994140625,18.5662,13.0,6.0,0.0,1.14337038993835,1.0744875201,0.0349126848,1.0,0.0,0.0,0.0,1.0,0.0,,1.0672196016745081,4.186254024529233,4.354708569138511,4.50641704371101,4.696392818940595,0.3416842498020838,0.04313967902346132,0.4197718166067613,0.05472563797579583,0.4197718166067613,0.05472563797579583,16.59,18.0742,20.203415
#Brouwer,0801681301,L,P0801681301OMS007FSIMAGL000.FTZ,19.04043801243682,0.09040202891819704,19.04043801243682,0.09040202891819704,0.49488322133380186,0.037878726877713834,1880.556241068447,143.93916213531256,16064.025415860116,31.198172504353412,4.02571075913373,14183.46917479167,68.2235808233171,454.625,719.65234375,18.5662,13.0,6.0,0.0,1.14337158203125,1.0744875201,0.0349126848,1.0,0.0,0.0,0.0,1.0,0.0,,1.062706399722329,3.732491888103071,3.8726072999100802,4.227375109436873,4.398522866336713,0.5259155664266331,0.04031763162428981,0.6461075188585413,0.053797083825270965,0.6461075188585413,0.053797083825270965,16.59,18.0742,20.203415
#Ada,0803030301,L,P0803030301OMS007FSIMAGL000.FTZ,19.550805430802374,0.1220384749289143,19.550805430802374,0.1220384749289143,0.313474521535222,0.03369164230622659,940.4235646056659,101.07492691867976,8425.169053070247,20.215169542089285,2.8955757625561316,7484.745488464581,42.31987474634357,370.25390625,641.771484375,18.5662,13.0,6.000000000000002,0.0,1.14538526535034,1.0744875201,0.0349126848,1.0,0.0,0.0,0.0,1.0,0.0,,1.0466527334075628,2.494915162821527,2.570431998740065,2.808389684356749,2.898530963558533,0.328098964818468,0.03530437188671289,0.40379210906789176,0.04538688334823137,0.40379210906789176,0.04538688334823137,16.18,17.6642,20.112686
#Ada,0803030301,L,P0803030301OMS006FSIMAGL000.FTZ,18.974088215787944,0.0649580978313153,18.974088215787944,0.0649580978313153,0.5019680630777531,0.024876279743554202,1505.9041892332593,74.6288392306626,5081.963103821501,20.305672285033435,2.9885277481837984,3576.058914588242,22.079414419195643,176.111328125,568.216796875,18.5662,6.0,5.999999999999998,0.0,1.14538431167603,1.0744875201,0.0349126848,1.0,0.0,0.0,0.0,1.059834966342943,0.008056149998468053,/Users/eracero/workspace/tfm-viu/results/batch_L/elena/c1corr/c1_details_Ada_P0803030301OMS006FSIMAGL000.csv,1.0490055290668756,2.5827092160915077,2.662204034759175,3.1147125213287503,3.2202784434348954,0.5580744086757203,0.028035719637351516,0.6868228157694123,0.041091668379356426,0.6868228157694123,0.041091668379356426,16.18,17.6642,20.112686
#Ada,0803030301,L,P0803030301OMS007FSIMAGL000.FTZ,19.46638049463297,0.08662776075332751,19.46638049463297,0.08662776075332751,0.3195499522545186,0.023158724490344222,958.6498567635558,69.47617347103267,4403.6349473409355,20.177223725083433,2.8452239891041247,3444.9850905773797,20.57434647409455,170.736328125,557.484375,18.5662,6.0,5.999999999999998,0.0,1.14538526535034,1.0744875201,0.0349126848,1.0,0.0,0.0,0.0,1.0602414541509555,0.00708750083700086,/Users/eracero/workspace/tfm-viu/results/batch_L/elena/c1corr/c1_details_Ada_P0803030301OMS007FSIMAGL000.csv,1.0467218668416938,2.4880447876392187,2.5632541832521007,2.8268448936914177,2.9178836627452225,0.35462947949312174,0.02584231970815742,0.43644327113742865,0.03482255656484893,0.43644327113742865,0.03482255656484893,16.18,17.6642,20.112686
#Ada,0803030301,L,P0803030301OMS006FSIMAGL000.FTZ,18.9370794428352,0.06547946618772722,18.9370794428352,0.06547946618772722,0.529660252827913,0.026563356317580212,1588.980758483739,79.69006895274063,5725.135019119829,20.15792512037083,2.9354800379601746,4136.15426063609,25.007440304291976,205.1875,580.125,18.5662,7.0,6.0,0.0,1.14538431167603,1.0744875201,0.0349126848,1.0,0.0,0.0,0.0,1.039404397468442,0.007747466817288995,/Users/eracero/workspace/tfm-viu/results/batch_L/elena/c1corr/c1_details_Ada_P0803030301OMS006FSIMAGL000.csv,1.0488507269771499,2.5604764470604366,2.6389552367496014,3.111007643014016,3.216380281849113,0.5774250450995115,0.02933750186383361,0.7106376662425883,0.04285772511776061,0.7106376662425883,0.04285772511776061,16.18,17.6642,20.112686
Ada,0803030301,L,P0803030301OMS007FSIMAGL000.FTZ,19.445890206751752,0.0900686297365162,19.445890206751752,0.0900686297365162,0.3323300176725984,0.025100608317675206,996.9900530177952,75.30182495302562,5075.228104226291,20.088972847145723,2.8840999239123857,4078.238051208496,24.39542451013753,203.0087890625,576.0146484375,18.5662,7.0,5.999999999999998,0.0,1.14538526535034,1.0744875201,0.0349126848,1.0,0.0,0.0,0.0,1.0384218100957878,0.01073449194027914,/Users/eracero/workspace/tfm-viu/results/batch_L/elena/c1corr/c1_details_Ada_P0803030301OMS007FSIMAGL000.csv,1.0471950436170312,2.5246235555100216,2.6014762482978977,2.8697222940107663,2.9628619368143676,0.3613856885164699,0.02758390815145651,0.44475815226590376,0.03689548595490504,0.44475815226590376,0.03689548595490504,16.18,17.6642,20.112686
Ada,0803030301,L,P0803030301OMS006FSIMAGL000.FTZ,18.884125211160907,0.06472420879492481,18.884125211160907,0.06472420879492481,0.5556058416478336,0.027633850588210936,1666.8175249435008,82.90155176463281,6139.289396122098,20.052063941955566,2.9996477849041008,4472.471871178597,27.08095066392605,223.04296875,610.365234375,18.5662,7.0,6.000000000000002,0.0,1.14538431167603,1.0744875201,0.0349126848,1.0,0.0,0.0,0.0,1.0377684046794817,0.00388616241976469,/Users/eracero/workspace/tfm-viu/results/batch_L/elena/c1corr/c1_details_Ada_P0803030301OMS006FSIMAGL000.csv,1.0515019007368758,2.76867306311056,2.856896691229247,3.345263251028033,3.4631823697707023,0.6062856785414552,0.030302024921660852,0.7461564809693224,0.044480783420596505,0.7461564809693224,0.044480783420596505,16.18,17.6642,20.112686

#Ada,0803030301,L,P0803030301OMS006FSIMAGL000.FTZ,18.86191502522747,0.07511693959041955,18.86191502522747,0.07511693959041955,0.589928231353628,0.03595794768639418,1769.7846940608842,107.87384305918255,9421.400785224512,19.930949525212544,3.137149668974321,7651.616091163628,47.067666514632265,383.90625,654.75,18.5662,13.0,6.0,0.0,1.14538431167603,1.0744875201,0.0349126848,1.0,0.0,0.0,0.0,1.0,0.0,,1.048967913467003,2.5505386970545425,2.628565234211872,3.1404669284081708,3.2473810201501667,0.6188157859382946,0.03779766786663202,0.7615772985348722,0.052689931924039465,0.7615772985348722,0.052689931924039465,16.18,17.6642,20.112686
#Ada,0803030301,L,P0803030301OMS006FSIMAGL000.FTZ,18.921969158890857,0.07849390190979871,18.921969158890857,0.07849390190979871,0.5583344940595458,0.0359900116200432,1675.0034821786376,107.9700348601296,9303.229786441661,20.13061774849261,3.263978163151716,7628.226304263024,48.52111541644463,378.9365234375,649.779296875,18.5662,13.0,5.999999999999998,0.0,1.14538431167603,1.0744875201,0.0349126848,1.0,0.0,0.0,0.0,1.0,0.0,,1.048685519022711,2.542742101421008,2.6204146478300157,3.1010765954805537,3.205931946521133,0.5855172986911175,0.03781414166158845,0.7205968120326554,0.052095956549478795,0.7205968120326554,0.052095956549478795,16.18,17.6642,20.112686
#Ada,0803030301,L,P0803030301OMS006FSIMAGL000.FTZ,18.828577025207622,0.07321408412023671,18.828577025207622,0.07321408412023671,0.6081746596910886,0.03585541396090721,1824.5239790732658,107.56624188272163,9512.983859475702,19.85014136299413,3.00280135360379,7688.459880402436,45.35981187457102,387.3251953125,657.44921875,18.5662,13.0,6.0,0.0,1.14538431167603,1.0744875201,0.0349126848,1.0,0.0,0.0,0.0,1.0,0.0,,1.049224113766206,2.5628199601341457,2.6414055706062434,3.170994619825234,3.2795170889356897,0.6381115183294463,0.037704828557108626,0.7853245785520154,0.0529565380127367,0.7853245785520154,0.0529565380127367,16.18,17.6642,20.112686
Pesonen,0148880101,L,P0148880101OMS408SIMAGE2000.FTZ,21.385389484081724,0.23032783896566786,21.385389484081724,0.23032783896566786,0.06465606665047653,0.013552208530908423,276.72796526403954,58.00345251228805,2930.0016655055806,11.421284524233718,2.034886720430239,2653.273700241541,20.842236872266717,232.3095703125,514.4296875,18.5662,13.0,6.0,0.0,1.03910875320435,1.0744875201,0.0349126848,1.0,0.0,0.0,0.0,1.0,0.0,,1.0324108182591725,0.6199237617386778,0.6386207757794983,0.6845798283891543,0.7053723984555363,0.06675162267603807,0.013993589983569794,0.07452881333829084,0.015810529002339584,0.07452881333829084,0.015810529002339584,18.93,20.4142,21.114185
Sarpedon,0800400501,L,P0800400501OMS408SIMAGE1000.FTZ,19.783998480541012,0.07207114521802471,19.783998480541012,0.07207114521802471,0.29484556262370054,0.017050116549323126,884.5366878711015,51.15034964796938,2421.899821993895,10.531434215101084,1.9918201057880953,1537.3631341227933,13.944835858324973,145.978515625,434.76171875,18.5662,13.0,6.0,0.0,1.0,1.0744875201,0.0349126848,1.0,0.0,0.0,0.0,1.0,0.0,,1.0282166592042565,0.5124543780409311,0.5252621186696265,0.8072999406646316,0.8284272380517672,0.30316511938214075,0.01754838152402455,0.32574713730573684,0.021623091835508444,0.32574713730573684,0.021623091835508444,17.12,18.6042,20.12307
Tinette,0400890201,L,P0400890201OMS409SIMAGE2000.FTZ,20.243713778677105,0.1546968132182066,20.243713778677105,0.1546968132182066,0.17526599028951254,0.024299206643728425,771.1703572738552,106.91650923240508,9473.917987965047,27.86237532618333,3.4354873159786643,8702.747630691192,44.24050133619548,312.34765625,588.3193359375,18.5662,13.0,6.0,0.0,1.08978807926178,1.0744875201,0.0349126848,1.0,0.0,0.0,0.0,1.0,0.0,,1.0393298696902329,1.9778971887934527,2.032562100211174,2.153163179082965,2.2147212790599027,0.18215917884872868,0.025270340405691472,0.21330178436332883,0.030391463758007532,0.21330178436332883,0.030391463758007532,17.44,18.9242,20.89806
Tinette,0400890201,L,P0400890201OMS412SIMAGE2000.FTZ,20.36384447894472,0.1618472721943712,20.36384447894472,0.1618472721943712,0.17068877035057498,0.024821754075654436,751.0305895425299,109.21571793287951,10008.291662562639,29.338741326365252,3.376550893075857,9257.261073020109,43.815309893137375,315.5302734375,591.2578125,18.5662,13.0,6.0,0.0,1.0,1.0744875201,0.0349126848,1.0,0.0,0.0,0.0,1.0,0.0,,1.0412041322975125,2.1039229711409337,2.1726336068651966,2.274611741491509,2.3503554598909964,0.1777218530257998,0.025855430999492942,0.19095991312526828,0.028465797429392387,0.19095991312526828,0.028465797429392387,17.44,18.9242,20.89806
#Transvaalia,0821871601,L,P0821871601OMS006FSIMAGL000.FTZ,17.888533689944285,0.04317653524852096,17.888533689944285,0.04317653524852096,1.3236460670113301,0.026794733899134105,6618.230335056651,133.97366949567052,16226.530735846609,20.968851401615286,3.047407054221822,9608.300400789958,41.50196841462518,458.2177734375,1132.0546875,18.5662,6.0,6.0,0.0,1.14652824401855,1.0744875201,0.0349126848,1.0,0.0,0.0,0.0,1.0661161707211004,0.011173931813136962,/Users/eracero/workspace/tfm-viu/results/batch_L/elena/c1corr/c1_details_Transvaalia_P0821871601OMS006FSIMAGL000.csv,1.0737520013890485,4.163596840342314,4.330576368910751,5.574757316694479,5.84581275467501,1.5152363857642595,0.03474034552960059,1.8666655995877817,0.07423181423274477,1.8666655995877817,0.07423181423274477,15.22,16.7042,20.268137
#Transvaalia,0821871601,L,P0821871601OMS006FSIMAGL000.FTZ,17.929225987774345,0.04290029542419107,17.929225987774345,0.04290029542419107,1.2376373905697056,0.024733571781498067,6188.186952848528,123.66785890749034,14025.025056097656,21.09817309799666,3.173846254683009,7836.838103249129,35.61901557686966,371.4462890625,1095.46875,18.5662,5.0,6.0,0.0,1.14652824401855,1.0744875201,0.0349126848,1.0,0.0,0.0,0.0,1.0997181789466521,0.011028350644527188,/Users/eracero/workspace/tfm-viu/results/batch_L/elena/c1corr/c1_details_Transvaalia_P0821871601OMS006FSIMAGL000.csv,1.072330468119187,4.0751558136895465,4.23643820752023,5.436208151043149,5.695936097569333,1.4594978900491027,0.03281411695066749,1.797999658417305,0.07104371276138677,1.797999658417305,0.07104371276138677,15.22,16.7042,20.268137
Transvaalia,0821871601,L,P0821871601OMS006FSIMAGL000.FTZ,17.933803543449706,0.04246368864191461,17.933803543449706,0.04246368864191461,1.1418584682831212,0.022576575640352467,5709.292341415606,112.88287820176234,11940.628335412592,21.063902742722455,3.1450809196289846,6231.335993996986,28.318118858803405,295.830078125,1079.4921875,18.5662,4.0,6.0,0.0,1.14652824401855,1.0744875201,0.0349126848,1.0,0.0,0.0,0.0,1.1873271201339095,0.010458142697349229,/Users/eracero/workspace/tfm-viu/results/batch_L/elena/c1corr/c1_details_Transvaalia_P0821871601OMS006FSIMAGL000.csv,1.071987655751674,4.050368396098041,4.2100713158802625,5.406127922845156,5.663428792720902,1.4533574768406394,0.03163767749071933,1.790435097394893,0.07002482970937023,1.790435097394893,0.07002482970937023,15.22,16.7042,20.268137
Hilaritas,0821730101,L,P0821730101OMS402SIMAGE1000.FTZ,,,,,,,,,,,,,,,,,,,,,,,,,,,,,,,,,,,,,,,,,,,
Tampere,0740920301,L,P0740920301OMS407SIMAGE1000.FTZ,,,,,,,,,,,,,,,,,,,,,,,,,,,,,,,,,,,,,,,,,,,
Henrylin,0402070301,L,P0402070301OMS009FSIMAGL000.FTZ,,,,,,,,,,,,,,,,,,,,,,,,,,,,,,,,,,,,,,,,,,,
Henrylin,0402070301,L,P0402070301OMS010FSIMAGL000.FTZ,,,,,,,,,,,,,,,,,,,,,,,,,,,,,,,,,,,,,,,,,,,
Kardashev,0603980101,L,P0603980101OMS403SIMAGE2000.FTZ,,,,,,,,,,,,,,,,,,,,,,,,,,,,,,,,,,,,,,,,,,,
1998 XN8,0202730301,L,P0202730301OMS008FSIMAGL000.FTZ,,,,,,,,,,,,,,,,,,,,,,,,,,,,,,,,,,,,,,,,,,,
1999 RL89,0655090401,L,P0655090401OMS407SIMAGE0000.FTZ,,,,,,,,,,,,,,,,,,,,,,,,,,,,,,,,,,,,,,,,,,,
1999 RL89,0655090401,L,P0655090401OMS408SIMAGE0000.FTZ,,,,,,,,,,,,,,,,,,,,,,,,,,,,,,,,,,,,,,,,,,,
1999 RL89,0655090401,L,P0655090401OMS409SIMAGE0000.FTZ,,,,,,,,,,,,,,,,,,,,,,,,,,,,,,,,,,,,,,,,,,,
1999 RL89,0655090401,L,P0655090401OMS410SIMAGE0000.FTZ,,,,,,,,,,,,,,,,,,,,,,,,,,,,,,,,,,,,,,,,,,,
2006 KP121,0677690141,L,P0677690141OMS418FSIMAGL000.FTZ,,,,,,,,,,,,,,,,,,,,,,,,,,,,,,,,,,,,,,,,,,,
2006 KP121,0677690140,L,P0677690140OMS417FSIMAGL000.FTZ,,,,,,,,,,,,,,,,,,,,,,,,,,,,,,,,,,,,,,,,,,,
2006 BQ6,0402360101,L,P0402360101OMS009FSIMAGL000.FTZ,,,,,,,,,,,,,,,,,,,,,,,,,,,,,,,,,,,,,,,,,,,
2006 BQ6,0402360101,L,P0402360101OMS010FSIMAGL000.FTZ,,,,,,,,,,,,,,,,,,,,,,,,,,,,,,,,,,,,,,,,,,,
