target_name,observation_id,filter,fits_name,mag_ab,mag_err,count_rate,count_rate_err,net_counts,net_counts_err,aper_counts,bkg_per_pix,bkg_rms_per_pix,bkg_counts_ap,bkg_counts_ap_err,A_ap_eff,A_bg_eff,zp_ab,trail_height_pix,trail_semi_out_pix,trail_semi_in_pix,apcorr_mag,mag_ab_apcorr,mag_ab_apcorr_err,v_mag_1,v_mag_1_corrected,mlim_obs,tds_corr,c2,f_apcorr,c1,coi_factor,rate_tot_6,rate_tot_6_coi,count_rate_coi,count_rate_final,c1_err,c1_detail_csv,rate_bkg_6
Barbara,0781040101,L,P0781040101OMS008FSIMAGL000.FTZ,16.195976124947833,0.007065649882894205,8.873389594017645,0.05774540417361627,39930.2531730794,259.8543187812732,56638.62325552199,16.393405377944845,2.652892133895645,16708.370082442587,84.69388325222315,1019.212890625,1969.2099609375,18.5662,13.0,9.0,0.0,0.022410254497802155,16.218386379445636,0.5156962411896492,12.36,13.8442,20.696785,,,,,,,,,,,,
Barbara,0781040101,L,P0781040101OMS010FSIMAGL000.FTZ,16.23268049533012,0.007157401685229086,8.5784298043445,0.0565508262950061,38602.93411955025,254.47871832752745,54671.365034047514,16.978698047412184,2.76027066885203,16068.430914497261,84.91535177746533,946.3876953125,2371.5693359375,18.5662,13.0,11.0,0.0,0.11329370636161981,16.34597420169174,0.0959011391086119,12.36,13.8442,20.696785,,,,,,,,,,,,
Ada,0803030301,L,P0803030301OMS007FSIMAGL000.FTZ,19.73358849653677,0.13245483561067775,0.3412279534163493,0.04162825260977857,1023.6838602490479,124.88475782933571,9568.87829833664,20.15752106014051,3.0705933594154153,8545.194438087592,63.22148894892064,423.9208984375,834.525390625,18.5662,13.0,7.0,0.0,-0.04831350421800567,19.685274992318764,0.1593785912933048,16.18,17.6642,20.112686,,,,,,,,,,,,
Ada,0803030301,L,P0803030301OMS006FSIMAGL000.FTZ,19.25125170237053,0.06689860085571246,0.5320829210647195,0.03278476808215831,1596.2487631941585,98.35430424647491,6328.249502919614,20.308249996768104,3.2356006543935805,4732.000739725456,49.39023198208387,233.0087890625,627.42578125,18.5662,7.0,6.0,0.0,0.14677166258496985,19.398023364955503,0.1567129760058444,16.18,17.6642,20.112686,,,,,,,,,,,,
Aaltje,0302352401,L,P0302352401OMS404SIMAGE1000.FTZ,18.785072392081602,0.03816166449519481,0.8174308859950524,0.028731223077574128,3171.6318376608033,111.47714554098762,9357.044313432649,14.757299302403926,2.3137724539941935,6185.4124757718455,47.36979841704961,419.142578125,1138.34375,18.5662,13.0,9.0,0.0,0.2175767991783773,19.00264919125998,0.04553130830487847,14.8,16.2842,20.291054,,,,,,,,,,,,
Transvaalia,0821871601,L,P0821871601OMS006FSIMAGL000.FTZ,18.254943720914262,0.02484758043257343,1.3319947455517438,0.03048332796910311,6659.973727758719,152.41663984551556,16848.717980455607,21.127600865821314,3.138945574490147,10188.744252696888,68.93170556995021,482.248046875,1405.3310546875,18.5662,6.0,7.0,0.0,-0.015129937085271203,18.239813783828993,0.02560692979368122,15.22,16.7042,20.268137,,,,,,,,,,,,
Hilaritas,0821730101,L,P0821730101OMS006SIMAGE1000.FTZ,21.290516542830876,0.2831722187024257,0.08133423437414435,0.021212887482951245,292.80324374691963,76.36639493862448,3675.265179864131,15.307083895331935,2.60472724566145,3382.4619361172113,38.71974429721751,220.9736328125,503.98046875,18.5662,13.0,6.0,0.0,0.1304715275521271,21.420988070383004,0.28892471400786535,17.08,18.5642,20.059668,,,,,,,,,,,,
Hilaritas,0821730101,L,P0821730101OMS403SIMAGE1000.FTZ,20.57476136431929,0.1819697508931154,0.1572444965135335,0.026354235154661024,566.0801874487206,94.87524655677969,5936.609449906275,15.324017111081643,2.601343433256088,5370.529262457554,48.69898635628496,350.46484375,1199.1708984375,18.5662,13.0,10.0,0.0,0.027559706057668124,20.60232107037696,0.2476115229158104,17.08,18.5642,20.059668,,,,,,,,,,,,
Deflotte,0744500301,L,P0744500301OMS401SIMAGE2000.FTZ,19.411800690849944,0.05882455786042573,0.45894402871677314,0.024865325983431247,2019.353726353802,109.40743432709749,8280.095589101315,21.418619156997895,3.0018212393771395,6260.741862747513,51.32181308326997,292.3037109375,729.1044921875,18.5662,7.0,6.0,0.0,0.0434480990480513,19.455248789897997,0.07750315759240752,16.55,18.0342,20.455608,,,,,,,,,,,,
Deflotte,0744500301,L,P0744500301OMS007SIMAGE2000.FTZ,19.55425854776796,0.1002709565735626,0.40250991324835944,0.03717299051680583,1465.1360842240283,135.30968548117323,11528.260725284927,21.30541230659852,3.2139994658670425,10063.124641060898,69.85013576887347,472.3271484375,1211.998046875,18.5662,13.0,9.0,0.0,0.0017538403946628506,19.556012388162625,0.10329548611856301,16.55,18.0342,20.455608,,,,,,,,,,,,
Tampere,0740920301,L,P0740920301OMS406SIMAGE1000.FTZ,21.25217665476252,0.44048131234584625,0.08425764920211566,0.03418318992436822,84.25764920211566,34.183189924368214,775.2970177343814,3.75246220821865,1.2385560840884005,691.0393685322657,16.80772401962589,184.15625,469.9814453125,18.5662,13.0,5.999999999999999,0.0,0.1109399110569126,21.363116565819432,0.4564792440369311,17.28,18.7642,19.431232,,,,,,,,,,,,
Wells,0405950101,L,P0405950101OMS401SIMAGE1000.FTZ,19.682488479051017,0.09420379854779862,0.3576717242814876,0.031033358993767385,507.89384847971235,44.067369771149686,1478.2920716418885,4.822369335420456,1.2763836755959652,970.3982231621761,18.10614537088463,201.228515625,485.751953125,18.5662,13.0,6.0,0.0,0.055246960811550574,19.73773543986257,0.1177580429443879,16.55,18.0342,19.766872,,,,,,,,,,,,
Brouwer,0801681301,L,P0801681301OMS006FSIMAGL000.FTZ,19.74385157208492,0.1055474373767887,0.3380176446181062,0.03285964191808983,1284.4670495488035,124.86663928874134,8835.170954959467,36.85535032075027,4.984435822650456,7550.7039054106635,71.34432884967745,204.8740234375,625.751953125,18.5662,6.0,6.0,0.0,-0.02744647169564675,19.716405100389274,0.1281043625098504,16.59,18.0742,20.203415,,,,,,,,,,,,
Brouwer,0801681301,L,P0801681301OMS007FSIMAGL000.FTZ,20.50832154702179,0.10648544463880671,0.16716732046786031,0.016395225403871658,635.2358177778692,62.30185653471229,2759.209818014875,32.19428595471519,3.848415576791202,2123.974000237006,31.25843015555658,65.9736328125,443.88671875,18.5662,3.0,6.0,0.0,-0.247819941905395,20.260501605116396,0.1671905716527652,16.59,18.0742,20.203415,,,,,,,,,,,,
Pobeda,0305540501,L,P0305540501OMS008FSIMAGL000.FTZ,20.23370800707894,0.13962486008531313,0.2152765858464877,0.027684412397175506,645.8297575394631,83.05323719152652,4454.316981917247,20.837425692531717,3.1614307431892676,3808.487224377784,42.74033203602696,182.771484375,541.3134765625,18.5662,7.0,6.0,0.0,0.014291766375794986,20.247999773454733,0.1941841120862172,16.38,17.8642,21.516909,,,,,,,,,,,,
Pobeda,0305540501,L,P0305540501OMS022FSIMAGL000.FTZ,20.677879422257313,0.2771662764322285,0.14299742962290354,0.03650432988126011,428.9922888687106,109.51298964378033,8167.833073875867,22.009523523955785,2.8530717622506465,7738.840785007156,53.49895893737122,351.61328125,1044.8984375,18.5662,13.0,8.999999999999998,0.0,0.03636764096826749,20.71424706322558,0.2792562646359357,16.38,17.8642,21.516909,,,,,,,,,,,,
Pobeda,0305540501,L,P0305540501OMS021FSIMAGL000.FTZ,20.618876539636876,0.2700364884003309,0.1509834636580299,0.037551526644353114,452.9503909740897,112.65457993305934,7964.172254456207,21.381645895758105,2.9343466807544645,7511.221863482117,54.99790560345975,351.29296875,624.271484375,18.5662,13.0,6.000000000000002,0.0,0.07199027997322627,20.6908668196101,0.27624727550866274,16.38,17.8642,21.516909,,,,,,,,,,,,
Pobeda,0305540501,L,P0305540501OMS018FSIMAGL000.FTZ,19.95847413361657,0.14147675563041098,0.2773897100186362,0.03614524729648566,832.1691300559087,108.43574188945699,7880.313460515812,20.65372548424476,2.921807307105021,7048.144330459903,53.97464133825772,341.2529296875,1030.5,18.5662,13.0,9.0,0.0,0.09405390614154463,20.052528039758116,0.15171511843494867,16.38,17.8642,21.516909,,,,,,,,,,,,
Pobeda,0305540501,L,P0305540501OMS012FSIMAGL000.FTZ,20.56598764296742,0.2349844608844873,0.1585203208954848,0.03430835133481935,475.56096268645433,102.92505400445805,7122.826832144521,19.902226384820008,2.8442489039681083,6647.265869458067,51.98024153336215,333.99609375,1173.8369140625,18.5662,13.0,10.0,0.0,0.051244786563605295,20.617232429531025,0.24952471382383318,16.38,17.8642,21.516909,,,,,,,,,,,,
Pobeda,0305540501,L,P0305540501OMS016FSIMAGL000.FTZ,19.95372296668426,0.14585555484599852,0.27860622341591745,0.03742739054418096,835.8186702477524,112.28217163254288,8200.06166702602,19.853160633483082,2.970890039923652,7364.242996778268,57.21841255314821,370.935546875,1071.6025390625,18.5662,13.0,8.999999999999998,0.0,0.06264407567329214,20.01636704235755,0.1488001157190524,16.38,17.8642,21.516909,,,,,,,,,,,,
Pobeda,0305540501,L,P0305540501OMS006FSIMAGL000.FTZ,20.83594605389863,0.31422756892296694,0.12362365467107005,0.03577845854670263,370.87096401321014,107.33537564010787,7760.63237027172,21.221904417377505,2.966063073704796,7389.76140625851,55.348188748463805,348.2138671875,1530.830078125,18.5662,13.0,12.0,0.0,0.12270314644147166,20.9586492003401,0.33194839437471585,16.38,17.8642,21.516909,,,,,,,,,,,,
Pobeda,0305540501,L,P0305540501OMS011FSIMAGL000.FTZ,20.301740116516694,0.17520057112093587,0.20220130463135927,0.03262835906040923,606.6039138940778,97.88507718122769,6661.981548930518,19.89012503136288,2.841643901887262,6055.377635036441,49.58171143489883,304.44140625,1622.91015625,18.5662,13.0,13.0,0.0,0.06006943115684699,20.36180954767354,0.18278985383022514,16.38,17.8642,21.516909,,,,,,,,,,,,
Pobeda,0305540501,L,P0305540501OMS015FSIMAGL000.FTZ,20.185601809734383,0.16675239123712624,0.2250294071969817,0.034561064336790605,675.0882215909451,103.68319301037181,7321.728475089185,19.88082191098589,2.825318059462477,6646.64025349824,51.65962683495651,334.32421875,1174.341796875,18.5662,13.0,10.0,0.0,0.10893563844392543,20.294537448178307,0.18439468000154538,16.38,17.8642,21.516909,,,,,,,,,,,,
Pobeda,0305540501,L,P0305540501OMS014FSIMAGL000.FTZ,20.14322337818654,0.16356480662123712,0.2339864178310257,0.0352497689903694,701.9592534930771,105.7493069711082,7452.703166102059,19.720884850117244,2.9482127840768895,6750.743912608982,54.54707198060201,342.314453125,1349.3330078125,18.5662,13.0,10.999999999999998,0.0,0.07855929565506031,20.221782673841602,0.16766005133763623,16.38,17.8642,21.516909,,,,,,,,,,,,
Pobeda,0305540501,L,P0305540501OMS010FSIMAGL000.FTZ,20.07273031607053,0.15188832020006537,0.2496823674391744,0.03492914978771239,749.0471023175232,104.78744936313717,7627.733882132918,19.629292337897013,2.8185093081131436,6878.686779815394,52.761838360725896,350.4296875,1714.8740234375,18.5662,13.0,13.0,0.0,0.10042843986230522,20.173158755932835,0.15333255258768388,16.38,17.8642,21.516909,,,,,,,,,,,,
Pobeda,0305540501,L,P0305540501OMS007FSIMAGL000.FTZ,20.660513522515647,0.25411244949488965,0.14530300332475388,0.034007624407606726,435.9090099742616,102.02287322282018,7111.889540852979,20.812136387941152,2.8739364357402932,6675.980530878717,51.472629804530605,320.7734375,1312.849609375,18.5662,13.0,11.0,0.0,0.08868385344343471,20.74919737595908,0.2553330443786931,16.38,17.8642,21.516909,,,,,,,,,,,,
Pobeda,0305540501,L,P0305540501OMS017FSIMAGL000.FTZ,20.42235662132692,0.21517990747449547,0.18094115218846402,0.03586037525350756,542.823456565392,107.5811257605227,7760.610566557385,20.476105254993104,2.8444569424474695,7217.787109991993,53.404483798074054,352.498046875,1046.083984375,18.5662,13.0,9.0,0.0,0.016609795622628223,20.438966416949548,0.21876380917016958,16.38,17.8642,21.516909,,,,,,,,,,,,
Pobeda,0305540501,L,P0305540501OMS013FSIMAGL000.FTZ,20.370122105373316,0.21026735375039232,0.18985898634519194,0.03676874179776242,569.5769590355758,110.30622539328725,8151.32012167573,19.891226924745375,2.971149027611689,7581.743162640154,58.00670331047293,381.16015625,1968.9697265625,18.5662,13.0,13.999999999999998,0.0,0.0049566834900187755,20.375078788863334,0.2272929157686713,16.38,17.8642,21.516909,,,,,,,,,,,,
Pobeda,0305540501,L,P0305540501OMS019FSIMAGL000.FTZ,20.11211859698502,0.18558733265261296,0.24078673685746194,0.04115822652238018,722.3602105723858,123.47467956714054,10355.311950806528,20.889047770511297,2.8590486064117133,9632.951740234143,61.396259008264934,461.1484375,1550.4140625,18.5662,13.0,11.0,0.0,0.02910168352359246,20.141220280508612,0.19518142913800457,16.38,17.8642,21.516909,,,,,,,,,,,,
Pobeda,0305540501,L,P0305540501OMS020FSIMAGL000.FTZ,20.12291767369234,0.1694056302764024,0.23840366662334386,0.037197738128359824,715.2109998700316,111.59321438507948,8546.418661665171,20.885613574675805,2.931272100631629,7831.20766179514,56.76058795657105,374.95703125,1763.8916015625,18.5662,13.0,13.0,0.0,0.06233251468688085,20.185250188379218,0.19029781250319375,16.38,17.8642,21.516909,,,,,,,,,,,,
Pobeda,0305540501,L,P0305540501OMS023FSIMAGL000.FTZ,20.304768753394956,0.20194731091125837,0.20163805456301603,0.03750475520419207,604.9141636890481,112.5142656125762,8322.133621713147,23.691543298756358,3.1726863393977767,7717.2194580240985,57.26125838108454,325.7373046875,1009.041015625,18.5662,13.0,9.000000000000002,0.0,0.03903640783129907,20.343805161226257,0.20683567674414163,16.38,17.8642,21.516909,,,,,,,,,,,,
Weisell,0691070301,L,P0691070301OMS401SIMAGE1000.FTZ,20.73173692990363,0.2040698427871531,0.13607715727016448,0.025576423818538918,386.4591266472671,72.63704364465053,3383.209249138832,18.085801072836354,2.8921083514381185,2996.750122491565,37.22810675225143,165.6962890625,452.947265625,18.5662,13.0,6.000000000000001,0.0,0.0781704751561329,20.80990740505976,0.21633830056073014,16.45,17.9342,19.8031,,,,,,,,,,,,
Lucubratio,0110980101,L,P0110980101OMS406SIMAGE1000.FTZ,20.36409993090531,0.1947163368244239,0.19091498937138385,0.0342387720175712,381.8299787427677,68.4775440351424,3159.8084043047857,8.267913084021945,1.851098927944324,2777.978425562018,33.93095727654835,335.9951171875,1023.220703125,18.5662,13.0,8.999999999999998,0.0,0.03295582401366961,20.39705575491898,0.19679977329589843,17.14,18.6242,20.251143,,,,,,,,,,,,
Lucubratio,0110980101,L,P0110980101OMS411SIMAGE1000.FTZ,20.491973393632474,0.24241699078645026,0.16970343871292606,0.03789042358262075,339.40687742585214,75.7808471652415,3812.875128318323,8.05642594150239,1.7670902260404417,3473.4682508924707,36.69181388590435,431.142578125,994.63671875,18.5662,13.0,8.0,0.0,0.16663630691082465,20.6586097005433,0.3169384295451721,17.14,18.6242,20.251143,,,,,,,,,,,,
Dowling,0673002335,L,P0673002335OMS409SIMAGE0000.FTZ,,,,,,,,,,,,,,,13.0,6.0,,,,,17.44,18.9242,20.213562,,,,,,,,,,,,
Kaneko,0160961001,L,P0160961001OMS004FSIMAGL000.FTZ,20.595422351087734,0.24614358056200256,0.15428050777459718,0.034976418387677316,509.12567565617064,115.42218067933514,7830.541014701128,21.241214973089928,3.198319132422716,7321.415339044957,59.378557274464505,344.6796875,618.169921875,18.5662,13.0,6.000000000000002,0.0,0.020764054392762337,20.616186405480498,0.33772430317510943,17.22,18.7042,19.894526,,,,,,,,,,,,
Asteropaios,0803161101,L,P0803161101OMS411SIMAGE1000.FTZ,21.485453997224383,0.32681785281267706,0.06796704696848384,0.020458789569709635,93.7945248165077,28.2331296061993,575.3058041767217,5.003476077577342,1.359233000930768,481.511279360214,13.334023888828742,96.2353515625,388.802734375,18.5662,13.0,6.0,0.0,0.11236372225952683,21.59781771948391,0.4104239662136974,18.04,19.5242,19.633095,,,,,,,,,,,,
Mucha,0300240101,L,P0300240101OMS008SIMAGE0000.FTZ,21.755935534564244,0.21389478529613462,0.05297924759110742,0.010437145667685955,233.10868940087266,45.9234409378182,1424.3474480770528,5.986418189906111,1.561282515900194,1191.2387586761802,22.02405982281543,198.990234375,483.6845703125,18.5662,13.0,6.0,0.0,-0.09661719730625858,21.659318337257986,0.21982648774773936,17.62,19.1042,20.044724,,,,,,,,,,,,
The,0501270301,L,P0501270301OMS007FSIMAGL000.FTZ,,,,,,,,,,,,,,,13.0,6.0,,,,,17.44,18.9242,20.213562,,,,,,,,,,,,
Chesneau,0302580701,L,P0302580701OMS405SIMAGE1000.FTZ,20.243660264329087,0.12035976721649991,0.2133122979551049,0.023646833600703205,639.9368938653147,70.94050080210961,3577.3859567320906,9.836356039017716,1.8878749717366679,2937.449062866776,32.62430593240232,298.6318359375,813.2763671875,18.5662,6.0,6.0,0.0,-0.032695866584045524,20.21096439774504,0.12103672632387745,16.43,17.9142,20.226696,,,,,,,,,,,,
Chesneau,0302580701,L,P0302580701OMS007SIMAGE1000.FTZ,,,,,,,,,,,,,,,13.0,6.0,,,,,16.43,17.9142,20.226696,,,,,,,,,,,,
Gurzhij,0744490401,L,P0744490401OMS434SIMAGE2000.FTZ,20.539880538718744,0.13163545512716288,0.1623782230583204,0.019686858771397444,373.4699130341369,45.27977517421412,1504.4734493982978,9.414609654328713,1.8755945419666822,1131.003536364161,20.55747556011323,120.1328125,412.1728515625,18.5662,9.0,6.0,0.0,0.006110527726383816,20.54599106644513,0.13343322031871016,18.26,19.7442,20.221659,,,,,,,,,,,,
Chrisclark,0670120401,L,P0670120401OMS413SIMAGE1000.FTZ,21.357783352354122,0.19392308976965444,0.07644809346892598,0.01365437868182824,382.2404673446299,68.2718934091412,3251.280011422932,18.468624819337933,2.716537519594609,2869.0395440783022,33.85842057622054,155.3466796875,676.16796875,18.5662,9.0,8.0,0.0,0.07759951769434692,21.435382870048468,0.19828621150017686,18.13,19.6142,20.369955,,,,,,,,,,,,
Richardbaum,0201902401,L,P0201902401OMS404SIMAGE1000.FTZ,20.78844111758233,0.24067485553994225,0.12915271880231827,0.028629254202070055,255.72238322859016,56.68592332009871,2062.9021698872093,7.539733138601801,1.838896654130335,1807.1797866586192,28.469511509060695,239.6875,571.5859375,18.5662,9.0,5.999999999999998,0.0,0.08748041692044274,20.875921534502773,0.27195446975661086,17.67,19.1542,19.90227,,,,,,,,,,,,
1996 UT,0412592501,L,P0412592501OMS006FSIMAGL000.FTZ,20.970858752528322,0.21800727128156985,0.10917834306466034,0.02192215479137627,109.17834306466034,21.92215479137627,368.28766414150596,4.958752028383014,1.3593326173427802,259.1093210768456,9.8260973067635,52.2529296875,320.5087890625,18.5662,6.0,6.0,0.0,0.015310930178409137,20.98616968270673,0.2673435134442495,17.97,19.4542,19.299034,,,,,,,,,,,,
Ivanka,0692330401,L,P0692330401OMS007FSIMAGL000.FTZ,21.23639161136815,0.17052358973152268,0.08549158235199257,0.01342714206260994,427.4579117599628,67.1357103130497,3054.9900080868974,17.745164793428355,2.7582432110718766,2627.5320963269346,33.56344680383809,148.0703125,512.1201171875,18.5662,6.0,5.999999999999998,0.0,-0.014114979243395843,21.222276632124753,0.1850743265057711,17.66,19.1442,20.75167,,,,,,,,,,,,
Pesonen,0148880101,L,P0148880101OMS408SIMAGE2000.FTZ,21.74640493484788,0.28071520321645277,0.05344634688428242,0.01381846243174986,228.75036466472875,59.1430192078894,2380.828754832968,11.461395048380318,2.063846849883361,2152.0783901682394,28.280544647335315,187.767578125,473.3203125,18.5662,13.0,5.999999999999999,0.0,0.16913434638689134,21.91553928123477,0.3213891381238984,18.93,20.4142,21.114185,,,,,,,,,,,,
#Guericke,0691840101,L,P0691840101OMS413SIMAGE1000.FTZ,17.649897796258127,0.015549602630805468,2.3255242977030828,0.033305498516735095,11627.621488515413,166.52749258367547,21220.108587470837,19.87971591038045,3.014285813273494,9592.487098955424,66.21325751168023,482.5263671875,994.541015625,18.5662,16.0,8.0,0.0,0.035351091776873254,17.685248888035,0.02856432119619524,19.01,20.4942,20.335546,,,,,,,,,,,,
#Guericke,0691840101,L,P0691840101OMS414SIMAGE1000.FTZ,17.674887580359048,0.014619385474499648,2.2726102852757015,0.03060059332448965,11363.051426378508,153.00296662244824,18976.903875169344,20.214378997813856,2.998267901044491,7613.852448790835,58.189210045608064,376.6552734375,1218.0751953125,18.5662,14.0,10.0,0.0,0.05012555453678734,17.725013134895836,0.04566257886631291,19.01,20.4942,20.335546,,,,,,,,,,,,
Jepejacobsen,0784401201,L,P0784401201OMS006FSIMAGL000.FTZ,21.345499444025933,0.2902547729662099,0.07731793072255896,0.020669756209698763,386.5896536127948,103.34878104849382,6550.267167691141,23.17231548337865,3.3438369972574518,6163.677514078347,54.535630239199364,265.9931640625,684.005859375,18.5662,7.0,6.0,0.0,0.012049422110530155,21.35754886613646,0.29324191601802907,17.43,18.9142,20.241419,,,,,,,,,,,,
Fredtreasure,0303561001,L,P0303561001OMS007SIMAGE0000.FTZ,20.12667482219892,0.16509117137196766,0.20507342929685948,0.031183395652468374,799.786374257752,121.61524304462665,8719.354501555208,14.669368704827894,2.5900804557056807,7919.568127297456,60.18084649168634,539.87109375,798.3369140625,18.5662,13.0,6.0,0.0,0.04085085010853089,20.16752567230745,0.16509117137196763,16.43,17.9142,20.256231,1.0,1.158512375118678,0.9630740034088441,1.0,1.0,7919.773200726753,7919.773200726753,0.20507342929685948,0.22880722347713633,,,
Astrometria,0793581001,L,P0793581001OMS006FSIMAGL000.FTZ,21.96507954797648,0.6007994716922905,0.03771789989727058,0.02087215099163937,188.5894994863529,104.36075495819685,6854.2295938842,16.452142337761302,2.49461962333653,6665.640094397847,50.21275329203039,405.1533203125,673.9970703125,18.5662,13.0,6.0,0.0,-0.00208836075948893,21.96299118721699,0.6007994716922904,18.48,19.9642,20.400606,1.0,1.158512375118678,1.00192530236056,1.0,1.0,6665.677812297744,6665.677812297744,0.03771789989727058,0.04378078306517457,,,
Pluto,0793183801,L,P0793183801OMS071SIMAGE0000.FTZ,18.01181482654586,0.03660744221674238,1.4383129548110656,0.04849678399450867,1639.6767684846147,55.28633375373988,2545.5734615107067,6.45493155423226,1.6566458338784078,905.896693026092,19.6256111183482,140.341796875,429.548828125,18.5662,13.0,6.0,0.0,0.012562892697375788,18.024377719243233,0.06282414213715594,14.66,16.1442,21.213638,1.0,1.158512375118678,0.9884958330775011,1.0,1.0,907.335005980903,907.335005980903,1.4383129548110656,1.647133925474597,,,
Pluto,0793183801,L,P0793183801OMS066SIMAGE0000.FTZ,18.127749084227435,0.03856979204717943,1.2926462453610132,0.04592161451058447,1473.616719711555,52.350640542066294,2294.1779336540494,6.8513917406809695,1.6987016228567002,820.5612139424942,18.59016285347439,119.765625,410.546875,18.5662,13.0,5.999999999999999,0.0,-0.015064978308687712,18.11268410591875,0.061693478150304085,14.66,16.1442,21.213638,1.0,1.158512375118678,1.0139720673444126,1.0,1.0,821.8538601878552,821.8538601878552,1.2926462453610132,1.5184704948526366,,,
Pluto,0793183801,L,P0793183801OMS062SIMAGE0000.FTZ,18.13143671828049,0.039054054066011604,1.2882633019059717,0.046340521915717456,1468.6201641728078,52.8281949839179,2322.4184845001437,6.324340504442875,1.6225227063531233,853.7983203273359,18.85214663275587,135.001953125,424.6171875,18.5662,13.0,5.999999999999999,0.0,-0.029174238104608938,18.10226248017588,0.055934005951534624,14.66,16.1442,21.213638,1.0,1.158512375118678,1.027234732633208,1.0,1.0,855.0865836292419,855.0865836292419,1.2882633019059717,1.5331159712394993,,,
Pluto,0793183801,L,P0793183801OMS075SIMAGE0000.FTZ,18.13682886172503,0.040833744558335765,1.2818811994766408,0.04821222202593921,1461.3445674033705,54.9619331095707,2455.056139488239,6.965156782425613,1.7264169580493793,993.7115720848682,20.62103306658105,142.6689453125,431.6962890625,18.5662,13.0,6.000000000000001,0.0,0.26331714078750046,18.40014600251253,0.21628087435405957,14.66,16.1442,21.213638,1.0,1.158512375118678,0.7846448772366148,1.0,1.0,994.9934532843448,994.9934532843448,1.2818811994766408,1.1652566739045587,,,
Pluto,0793183801,L,P0793183801OMS081SIMAGE0000.FTZ,18.021222102535603,0.03726028556400714,1.4259046383564569,0.04893581469301272,1625.531287726361,55.786828750034495,2638.999139928259,6.490372431344826,1.4973329066498229,1013.4678522018982,18.71063593788803,156.1494140625,444.138671875,18.5662,13.0,5.999999999999999,0.0,0.08309086727986911,18.10431296981547,0.09187763496119501,14.66,16.1442,21.213638,1.0,1.158512375118678,0.9263255715843118,1.0,1.0,1014.8937568402546,1014.8937568402546,1.4259046383564569,1.530223305619963,,,
Pluto,0793183801,L,P0793183801OMS065SIMAGE0000.FTZ,18.10632649655209,0.037937848617272056,1.3184046440139292,0.0460692970442193,1502.9812941758794,52.518998630409996,2336.7861236380413,6.541850388988736,1.5917008598022329,833.8048294621619,17.969804412594677,127.45703125,417.65234375,18.5662,13.0,5.999999999999999,0.0,0.03920074761428417,18.145527244166374,0.08640087532764286,14.66,16.1442,21.213638,1.0,1.158512375118678,0.9645387966353729,1.0,1.0,835.1232341061759,835.1232341061759,1.3184046440139292,1.473225075632692,,,
Pluto,0793183801,L,P0793183801OMS072SIMAGE0000.FTZ,18.17708067984692,0.0412218240116951,1.23522778150671,0.046899090194000334,1408.1596709176495,53.46496282116038,2310.4256737097166,7.0002984237293955,1.8032996464354043,902.2660027920672,20.47278459842526,128.8896484375,418.9658203125,18.5662,13.0,5.999999999999999,0.0,-0.050842464114302516,18.126238215732617,0.05591331791687237,14.66,16.1442,21.213638,1.0,1.158512375118678,1.0479413703215816,1.0,1.0,903.5012305735739,903.5012305735739,1.23522778150671,1.4996320505387513,,,
Pluto,0793183801,L,P0793183801OMS076SIMAGE0000.FTZ,18.071147232365163,0.03824765774357969,1.3618222632722499,0.047975050044417496,1552.477380130365,54.69155705063594,2456.5872632781975,6.127976226632295,1.6453112330555741,904.1098831478324,19.9848151332417,147.5380859375,435.884765625,18.5662,13.0,6.0,0.0,-0.0030979594645034335,18.068049272900662,0.06572420624915977,14.66,16.1442,21.213638,1.0,1.158512375118678,1.0028574007220936,1.0,1.0,905.4717054111047,905.4717054111047,1.3618222632722499,1.5821960313854893,,,
Pluto,0793183801,L,P0793183801OMS061SIMAGE0000.FTZ,18.159579112600277,0.03853019625904235,1.2553004303629383,0.044549112964856155,1431.0424906137496,50.78598877993602,2189.616602965165,6.564965864740701,1.620389610788341,758.5741123514152,17.41815787785903,115.548828125,406.65234375,18.5662,13.0,6.000000000000001,0.0,-0.02232470924933066,18.137254403350948,0.1086704783707403,14.66,16.1442,21.213638,1.0,1.158512375118678,1.0207746676115181,1.0,1.0,759.8294127817782,759.8294127817782,1.2553004303629383,1.4844932891817073,,,
Pluto,0793183801,L,P0793183801OMS058SIMAGE0000.FTZ,18.1513430674604,0.0399885990454056,1.264858943167258,0.046587397188275724,1441.9391952106741,53.10963279463432,2309.4158599874936,6.399366794405757,1.690998034130043,867.4766647768195,19.688086169900515,135.556640625,425.1298828125,18.5662,13.0,6.000000000000001,0.0,0.14096167888435446,18.292304746344755,0.20288250239299976,14.66,16.1442,21.213638,1.0,1.158512375118678,0.8782442770282776,1.0,1.0,868.7415237199867,868.7415237199867,1.264858943167258,1.2869394128501457,,,
Pluto,0793183801,L,P0793183801OMS078SIMAGE0000.FTZ,18.112371244431273,0.0379348443061244,1.3110849284187334,0.04580989465936344,1494.636818397356,52.223279911674325,2325.14481724659,6.53465949625885,1.5573674505224262,830.5079988492339,17.55704903524536,127.0927734375,417.3193359375,18.5662,13.0,5.999999999999999,0.0,-0.009591175177411317,18.10278006925386,0.04232793838687471,14.66,16.1442,21.213638,1.0,1.158512375118678,1.008872931942269,1.0,1.0,831.8190837776526,831.8190837776526,1.3110849284187334,1.5323852827303615,,,
Pluto,0793183801,L,P0793183801OMS056SIMAGE0000.FTZ,18.130044072771625,0.03721735106217272,1.2899167838518943,0.044217818721198045,1470.5051335911596,50.40831334216577,2168.195823010057,6.635108112049697,1.674237631508862,697.6906894188976,17.16819198347262,105.1513671875,397.064453125,18.5662,13.0,6.000000000000001,0.0,-0.03814151712975597,18.09190255564187,0.04607622626861293,14.66,16.1442,21.213638,1.0,1.158512375118678,1.0357539705878485,1.0,1.0,698.9806062027495,698.9806062027495,1.2899167838518943,1.5478147384623913,,,
Pluto,0793183801,L,P0793183801OMS068SIMAGE0000.FTZ,18.12230332133526,0.03858391897600108,1.2991461009114103,0.0461694279225878,1481.0265550390077,52.63314783175009,2287.223435560707,7.14356081559486,1.8291636803863087,806.1968805216992,19.43192175229355,112.8564453125,404.2158203125,18.5662,13.0,6.0,0.0,0.0,18.12230332133526,0.03858391897600108,14.66,16.1442,21.213638,1.0,1.158512375118678,1.0,1.0,1.0,807.4960266226107,807.4960266226107,1.2991461009114103,1.5050768349930477,,,
Pluto,0793183801,L,P0793183801OMS055SIMAGE0000.FTZ,18.083614220563152,0.03743350463976804,1.3462745455767313,0.04641777143616852,1534.7529819574738,52.916259437232114,2346.03853319888,6.321914058178663,1.6456034724714783,811.2855512414062,18.641796896326877,128.3291015625,418.4501953125,18.5662,13.0,5.999999999999999,0.0,0.11869855049409925,18.20231277105725,0.19601847860880622,14.66,16.1442,21.213638,1.0,1.158512375118678,0.8964386642548933,1.0,1.0,812.631825786983,812.631825786983,1.3462745455767313,1.3981536203248792,,,
Pluto,0793183801,L,P0793183801OMS054SIMAGE0000.FTZ,18.083243198827986,0.03540191759895518,1.3467346780383993,0.043913595007433776,1535.2775329637752,50.061498308474505,2169.153721277602,6.349737503627936,1.6403770599800767,633.8761883138267,16.389587381275923,99.8271484375,392.1455078125,18.5662,13.0,6.0,0.0,-0.04605109879444547,18.03719210003354,0.1371632921992993,14.66,16.1442,21.213638,1.0,1.158512375118678,1.0433269831628376,1.0,1.0,635.2229229918651,635.2229229918651,1.3467346780383993,1.627807930505847,,,
Pluto,0793183801,L,P0793183801OMS069SIMAGE0000.FTZ,18.05241829419877,0.0379328893559008,1.3855174664983296,0.048408106067375084,1579.4899118080957,55.185240916807594,2499.027084877249,6.109802258216728,1.644221857114507,919.5371730691531,20.171188370439484,150.501953125,438.9443359375,18.5662,13.0,6.000000000000001,0.0,0.0,18.05241829419877,0.0379328893559008,14.66,16.1442,21.213638,1.0,1.158512375118678,1.0,1.0,1.0,920.9226905356514,920.9226905356514,1.3855174664983296,1.6051391308813934,,,
Pluto,0793183801,L,P0793183801OMS057SIMAGE0000.FTZ,18.074110102252497,0.038633600086576764,1.358111047111055,0.04832708765519987,1548.2465937066027,55.09287992692785,2455.5591119229794,6.154286519173653,1.714193942466364,907.3125182163767,20.81371252241666,147.427734375,436.0859375,18.5662,13.0,6.000000000000001,0.0,0.0,18.074110102252497,0.038633600086576764,14.66,16.1442,21.213638,1.0,1.158512375118678,1.0,1.0,1.0,908.6706292634877,908.6706292634877,1.358111047111055,1.573388454863543,,,
Pluto,0793183801,L,P0793183801OMS079SIMAGE0000.FTZ,18.130476327246832,0.040845142760023066,1.2894033429957223,0.048508670553478184,1469.9198110151235,55.29988443096513,2518.947221308248,6.96030057175173,1.6318998507701266,1049.0274102931246,20.034242372904885,150.7158203125,439.12109375,18.5662,13.0,6.0,0.0,0.0,18.130476327246832,0.040845142760023066,14.66,16.1442,21.213638,1.0,1.158512375118678,1.0,1.0,1.0,1050.3168136361203,1050.3168136361203,1.2894033429957223,1.4937897293799378,,,
Pluto,0793183801,L,P0793183801OMS059SIMAGE0000.FTZ,18.06564038454549,0.03771228304370301,1.3687469641781809,0.04754404801353669,1560.3715391631263,54.20021473543183,2461.8114635027014,6.002682342116994,1.5364023619612543,901.4399243395752,18.827847841912348,150.1728515625,438.634765625,18.5662,13.0,6.0,0.0,0.0008970134144921428,18.06653739795998,0.05465429001288436,14.66,16.1442,21.213638,1.0,1.158512375118678,0.9991741613060637,1.0,1.0,902.8086713037534,902.8086713037534,1.3687469641781809,1.584400755486399,,,
Pluto,0793183801,L,P0793183801OMS060SIMAGE0000.FTZ,18.01549208403805,0.035954390777423406,1.4334498025212676,0.04747058520739621,1634.1327748742451,54.11646713643167,2468.313244029414,6.105751927540853,1.5971932152954673,834.1804691551688,18.668863820676695,136.6220703125,426.0888671875,18.5662,13.0,5.999999999999999,0.0,0.0,18.01549208403805,0.035954390777423406,14.66,16.1442,21.213638,1.0,1.158512375118678,1.0,1.0,1.0,835.6139189576901,835.6139189576901,1.4334498025212676,1.6606693353323139,,,
Pluto,0793183801,L,P0793183801OMS077SIMAGE0000.FTZ,18.150584860697087,0.043375638727284,1.265742545960426,0.050568657451719706,1442.9465023948856,57.648269494960466,2565.135101775406,6.891859740941685,1.8492698374263705,1122.1885993805204,23.597445792116282,162.828125,450.3095703125,18.5662,13.0,6.0,0.0,0.0,18.150584860697087,0.043375638727284,14.66,16.1442,21.213638,1.0,1.158512375118678,1.0,1.0,1.0,1123.4543419264808,1123.4543419264808,1.265742545960426,1.4663784032093756,,,
Pluto,0793183801,L,P0793183801OMS073SIMAGE0000.FTZ,18.114497430167035,0.03946104347715849,1.308519956956855,0.04755969688883118,1491.7127509308148,54.21805445326755,2403.5745575516485,6.72548736993549,1.731343788955504,911.8618066208336,20.159787286458062,135.5830078125,425.16015625,18.5662,13.0,6.0,0.0,0.0,18.114497430167035,0.03946104347715849,14.66,16.1442,21.213638,1.0,1.158512375118678,1.0,1.0,1.0,913.1703265777904,913.1703265777904,1.308519956956855,1.5159365632242767,,,
Pluto,0793183801,L,P0793183801OMS064SIMAGE0000.FTZ,18.105171457236008,0.039799307703760736,1.3198079494249768,0.04838117591326715,1504.5810623444736,55.15454054112455,2459.7339337537996,6.608759233789536,1.738208333028758,955.1528714093262,20.89672874623898,144.5283203125,433.4111328125,18.5662,13.0,6.000000000000001,0.0,0.0,18.105171457236008,0.039799307703760736,14.66,16.1442,21.213638,1.0,1.158512375118678,1.0,1.0,1.0,956.4726793587512,956.4726793587512,1.3198079494249768,1.5290138421888422,,,
Pluto,0793183801,L,P0793183801OMS074SIMAGE0000.FTZ,18.15739417876483,0.04192495499936012,1.2578291385107976,0.048571824655935424,1433.9252179023092,55.37188010776638,2459.8764357592445,6.905674329434318,1.745038757605737,1025.9512178569353,21.269896969837227,148.56640625,437.126953125,18.5662,13.0,6.000000000000001,0.0,0.0,18.15739417876483,0.04192495499936012,14.66,16.1442,21.213638,1.0,1.158512375118678,1.0,1.0,1.0,1027.209046995446,1027.209046995446,1.2578291385107976,1.4572106227496249,,,
Pluto,0793183801,L,P0793183801OMS063SIMAGE0000.FTZ,18.094309180689546,0.03665148905557648,1.3330782738952078,0.04500258244993736,1519.709232240537,51.30294399292859,2236.0737706273794,6.03274192661047,1.6077359585720274,716.3645383868425,17.51960826971891,118.74609375,409.607421875,18.5662,13.0,6.0,0.0,0.1259671156333376,18.220276296322883,0.0649625364408831,14.66,16.1442,21.213638,1.0,1.158512375118678,0.8904574130219511,1.0,1.0,717.6976166607377,717.6976166607377,1.3330782738952078,1.3752114558399482,,,
Pluto,0793183801,L,P0793183801OMS067SIMAGE0000.FTZ,18.205614857066966,0.04183794343215144,1.2031876899838387,0.04636538501593885,1371.6339665815763,52.85653891817029,2308.694849844789,6.927261037998889,1.6493063622951973,937.060883263213,19.18246710587882,135.271484375,424.8798828125,18.5662,13.0,6.000000000000001,0.0,0.0,18.205614857066966,0.04183794343215144,14.66,16.1442,21.213638,1.0,1.158512375118678,1.0,1.0,1.0,938.2640709531968,938.2640709531968,1.2031876899838387,1.3939078284367328,,,
Pluto,0793183801,L,P0793183801OMS070SIMAGE0000.FTZ,18.09808218033026,0.038614701342882515,1.328453785297751,0.047248637899138274,1514.437315239436,53.86344720501763,2420.2815378021915,6.736124005317688,1.6479442556267812,905.8442225627555,19.110156318145954,134.4755859375,424.126953125,18.5662,13.0,6.0,0.0,0.0,18.09808218033026,0.038614701342882515,14.66,16.1442,21.213638,1.0,1.158512375118678,1.0,1.0,1.0,907.1726763480532,907.1726763480532,1.328453785297751,1.539030150040696,,,
Pluto,0793183801,L,P0793183801OMS080SIMAGE0000.FTZ,18.12814762378967,0.039242690480758874,1.2921718427145925,0.04670562740315059,1473.0759006946355,53.24441523959167,2382.3994657485746,6.890803089012971,1.6162592980346844,909.3235650539392,18.56672647424158,131.9619140625,421.8125,18.5662,13.0,5.999999999999999,0.0,0.0,18.12814762378967,0.039242690480758874,14.66,16.1442,21.213638,1.0,1.158512375118678,1.0,1.0,1.0,910.6157368966537,910.6157368966537,1.2921718427145925,1.4969970705647615,,,
Potomac,0674480401,L,P0674480401OMS407SIMAGE1000.FTZ,19.370427682279725,0.0917377931229712,0.4115363958944419,0.03477336349740949,444.4593075659973,37.55523257720225,1083.9812599600991,4.299956527387672,1.2797295436524314,639.5219523941018,15.606800974351055,148.7275390625,437.2890625,18.5662,13.0,6.0,0.0,0.0,19.370427682279725,0.0917377931229712,16.23,17.7142,19.507391,1.0,1.158512375118678,1.0,1.0,1.0,639.9334887899963,639.9334887899963,0.4115363958944419,0.4767700074554505,,,
Sarpedon,0800400501,L,P0800400501OMS408SIMAGE1000.FTZ,19.655802868719352,0.07540524777343541,0.3164158099911195,0.021976063877510013,949.2474299733585,65.92819163253004,3093.123105324339,10.509043564399084,2.081727513828135,2143.8756753509806,29.733229595789755,204.0029296875,488.310546875,18.5662,13.0,5.999999999999999,0.0,0.0,19.655802868719352,0.07540524777343541,17.12,18.6042,20.12307,1.0,1.158512375118678,1.0,1.0,1.0,2144.192091160972,2144.192091160972,0.3164158099911195,0.3665716315579122,,,
Tinette,0400890201,L,P0400890201OMS409SIMAGE2000.FTZ,20.69577163515984,0.2589879655639485,0.1214145315843048,0.028962791309679346,534.2239389709412,127.43628176258912,9864.354816894978,28.53941403720861,3.554840909680992,9330.130877924037,64.2749150524931,326.9208984375,601.7666015625,18.5662,13.0,6.000000000000002,0.0,0.0,20.69577163515984,0.2589879655639485,17.44,18.9242,20.89806,1.0,1.158512375118678,1.0,1.0,1.0,9330.252292455622,9330.252292455622,0.1214145315843048,0.14066023735965472,,,
Tinette,0400890201,L,P0400890201OMS412SIMAGE2000.FTZ,20.43484818464883,0.2059636881912841,0.1543974235379499,0.029290101132088003,679.3486635669797,128.8764449811872,10532.361020334065,29.471600817095847,3.4252038789872197,9853.012356767085,62.62807713714054,334.322265625,608.634765625,18.5662,13.0,5.999999999999998,0.0,0.0,20.43484818464883,0.2059636881912841,17.44,18.9242,20.89806,1.0,1.158512375118678,1.0,1.0,1.0,9853.166754190623,9853.166754190623,0.1543974235379499,0.17887132585515486,,,
Seeligeria,0303670101,L,P0303670101OMS413SIMAGE1000.FTZ,18.604888905847915,0.03831191015644969,0.8329592596455888,0.02939325810032665,1665.9185192911775,58.7865162006533,2813.825743092224,6.462105536955863,1.6206969697305877,1147.9072238010465,21.600718205777156,177.63671875,472.439453125,18.5662,13.0,6.0,0.0,0.0,18.604888905847915,0.03831191015644969,15.63,17.1142,20.0592,1.0,1.158512375118678,1.0,1.0,1.0,1148.740183060692,1148.740183060692,0.8329592596455888,0.9649936102691068,,,
Seeligeria,0303670101,L,P0303670101OMS009SIMAGE1000.FTZ,,,,,,,,,,,,,,,13.0,6.0,,,,,15.63,17.1142,20.0592,,,,,,,,,,,,
Lictoria,0012440101,L,P0012440101OMS410SIMAGE1000.FTZ,18.37492305244633,0.0554685251629454,1.0294614818653856,0.052595293461484005,823.5691854923084,42.0762347691872,1398.1641032582847,3.482393441005917,1.285698013491433,574.5949177659763,16.515090009225194,165.0,452.30859375,18.5662,13.0,5.999999999999999,0.0,0.0,18.37492305244633,0.0554685251629454,15.29,16.7742,19.364645,1.0,1.158512375118678,1.0,1.0,1.0,575.6243792478417,575.6243792478417,1.0294614818653856,1.1926438664490617,,,
Ariane,0675470501,L,P0675470501OMS401SIMAGE1000.FTZ,20.73450090602622,0.34747263251488225,0.11715989137328961,0.03749641326391691,351.47967411986883,112.48923979175072,7279.43978293892,14.54737514237407,2.6200897846641635,6927.960108819051,57.1776818553935,476.234375,739.6064453125,18.5662,13.0,6.0,0.0,0.0,20.73450090602622,0.34747263251488225,16.84,18.3242,19.927706,1.0,1.158512375118678,1.0,1.0,1.0,6928.0772687104245,6928.0772687104245,0.11715989137328961,0.13573118402351608,,,
Ariane,0675470501,L,P0675470501OMS402SIMAGE1000.FTZ,,,,,,,,,,,,,,,13.0,6.0,,,,,16.84,18.3242,19.927706,,,,,,,,,,,,
Vivian,0693990301,L,P0693990301OMS011FSIMAGL000.FTZ,,,,,,,,,,,,,,,13.0,6.0,,,,,17.4,18.8842,21.13498,,,,,,,,,,,,
Vivian,0693990301,L,P0693990301OMS015FSIMAGL000.FTZ,21.388946974961303,0.40228537490488575,0.06412103631920363,0.023758823924620635,320.60518159601816,118.79411962310317,8850.25843870826,25.48245108905046,3.187298312919419,8529.653257112242,58.31332449143588,334.7265625,611.5048828125,18.5662,13.0,6.000000000000002,0.0,0.0,21.388946974961303,0.40228537490488575,17.4,18.8842,21.13498,1.0,1.158512375118678,1.0,1.0,1.0,8529.717378148562,8529.717378148562,0.06412103631920363,0.07428501408123162,,,
#Flagstaff,0804250301,L,P0804250301OMS008FSIMAGL000.FTZ,,,,,,,,,,,,,,,13.0,6.0,,,,,17.51,18.9942,20.047064,,,,,,,,,,,,
Epstein,0205330501,L,P0205330501OMS401SIMAGE1000.FTZ,,,,,,,,,,,,,,,13.0,6.0,,,,,17.33,18.8142,19.402891,,,,,,,,,,,,
Parler,0747400143,L,P0747400143OMS412SIMAGE0000.FTZ,,,,,,,,,,,,,,,13.0,6.0,,,,,18.31,19.7942,20.265831,,,,,,,,,,,,
1996 UT,0412592401,L,P0412592401OMS010FSIMAGL000.FTZ,,,,,,,,,,,,,,,13.0,6.0,,,,,17.96,19.4442,20.054035,,,,,,,,,,,,
1996 BB2,0694640901,L,P0694640901OMS404SIMAGE0000.FTZ,,,,,,,,,,,,,,,13.0,6.0,,,,,20.17,21.6542,20.098526,,,,,,,,,,,,
Kalman,0725290145,L,P0725290145OMS416SIMAGE0000.FTZ,,,,,,,,,,,,,,,13.0,6.0,,,,,18.15,19.6342,19.777819,,,,,,,,,,,,
#UBS,0802200801,L,P0802200801OMS403SIMAGE2000.FTZ,17.55729449418305,0.029123975288322175,2.186057218352705,0.05864113144161601,6514.450510691062,174.7505716960157,19431.681105986238,14.58819106194188,2.645264449123688,12917.230595295176,78.71419897320273,885.4580078125,1117.3232421875,18.5662,13.0,6.0,0.0,0.0,17.55729449418305,0.029123975288322175,19.38,20.8642,19.924963,1.0,1.158512375118678,1.0,1.0,1.0,12919.416652513528,12919.416652513528,2.186057218352705,2.532574340179123,,,
Solvejg,0611181301,L,P0611181301OMS006FSIMAGL000.FTZ,19.806785972264027,0.10247653920765913,0.27533722678131306,0.025988400216987527,497.25903156705135,46.935050791879476,1646.0815132390708,10.098064510091659,1.9547541894543377,1148.8224816720194,20.849687262453536,113.7666015625,405.013671875,18.5662,13.0,6.0,0.0,0.0,19.806785972264027,0.10247653920765913,16.23,17.7142,19.626968,1.0,1.158512375118678,1.0,1.0,1.0,1149.0978188988008,1149.0978188988008,0.27533722678131306,0.3189815845570091,,,
Solvejg,0611181501,L,P0611181501OMS007FSIMAGL000.FTZ,,,,,,,,,,,,,,,13.0,6.0,,,,,,,,,,,,,,,,,,,
Solvejg,0611181501,L,P0611181501OMS006FSIMAGL000.FTZ,,,,,,,,,,,,,,,13.0,6.0,,,,,,,,,,,,,,,,,,,
Landi,0700182001,L,P0700182001OMS008SIMAGE0000.FTZ,,,,,,,,,,,,,,,13.0,6.0,,,,,,,,,,,,,,,,,,,
#Flagstaff,0804250301,L,P0804250301OMS008FSIMAGL000.FTZ,20.043504004281473,0.11560962486177309,0.06913001703035553,0.01121012585637597,345.6500851517776,56.05062928187985,2275.331980695948,30.45989426928768,3.501182910842008,1929.6818955441704,27.867208400240365,63.3515625,548.103515625,18.5662,2.0,5.999999999999998,0.0,0.0,20.043504004281473,0.11560962486177309,17.51,18.9942,20.047064,1.0,1.158512375118678,1.0,2.009415529793289,1.0311573955333642,2.6474973940030924,2.729986517481598,0.22140005327417622,0.25649470157006776,0.538921730309882,/Users/eracero/workspace/tfm-viu/results/batch_L/elena/c1corr/c1_details_Flagstaff_P0804250301OMS008FSIMAGL000.csv,2.5085864642074216
#Flagstaff,0804250301,L,P0804250301OMS008FSIMAGL000.FTZ,20.287788273969383,0.11721737176538981,0.06026721774501484,0.010895694430215505,301.3360887250742,54.478472151077526,2146.7201564554125,30.580701460616353,3.4953507289340906,1845.3840677303383,27.152537484498833,60.3447265625,530.123046875,18.5662,2.0,6.0,0.0,0.0,20.287788273969383,0.11721737176538981,17.51,18.9942,20.047064,1.0,1.158512375118678,1.0,1.67662979065889,1.0302981570037686,2.5000451007208575,2.5757918596990006,0.17679257164956086,0.20481638208507183,1.3403123665285606,/Users/eracero/workspace/tfm-viu/results/batch_L/elena/c1corr/c1_details_Flagstaff_P0804250301OMS008FSIMAGL000.csv,2.3989992880494397
#Flagstaff,0804250301,L,P0804250301OMS008FSIMAGL000.FTZ,20.254634777563464,0.12590220255612541,0.05748493981815082,0.0113780771236996,287.4246990907541,56.890385618498,2207.079484852031,31.418446130798635,3.88848720436737,1919.6547857612768,30.394842061509905,61.099609375,534.5830078125,18.5662,2.0,5.999999999999998,0.0,0.0,20.254634777563464,0.12590220255612541,17.51,18.9942,20.047064,1.0,1.158512375118678,1.0,1.7760063697426245,1.0308666789201046,2.597644840770967,2.6778255100195105,0.18227428852985073,0.21116701892778458,0.2898899402602896,/Users/eracero/workspace/tfm-viu/results/batch_L/elena/c1corr/c1_details_Flagstaff_P0804250301OMS008FSIMAGL000.csv,2.49555122148966
Flagstaff,0804250301,L,P0804250301OMS008FSIMAGL000.FTZ,20.223832727523924,0.1170200055641273,0.06312661763826904,0.010801992328011926,315.6330881913452,54.00996164005963,2129.2043769229203,30.587120145946354,3.4549472894467885,1813.5712887315751,26.60354106672641,59.2919921875,523.7412109375,18.5662,2.0,6.000000000000002,0.0,0.0,20.223832727523924,0.1170200055641273,17.51,18.9942,20.047064,1.0,1.158512375118678,1.0,1.791360979007476,1.0301275313962128,2.4707252349249678,2.545162087011585,0.18751941166053765,0.21724355898370662,0.24373742317828243,/Users/eracero/workspace/tfm-viu/results/batch_L/elena/c1corr/c1_details_Flagstaff_P0804250301OMS008FSIMAGL000.csv,2.3576426753510473
