observation_id,sso_name,ra_deg_1,dec_deg_1,ra_deg_2,dec_deg_2,filter,xmatch_type,v_mag_1,v_mag_1_corrected,mlim_obs,FITS_FILE,DECISION,dra_arcsec,ddec_arcsec,trail_len_arcsec,pa_deg_E_of_N,frame_t1,frame_t2,exposure_s,skybot_radius_arcmin,sep_start_arcsec_from_frame_center,sep_end_arcsec_from_frame_center
0673002335,2015 GO27,352.992697500,-0.846474167,353.008061250,-0.840467222,L,3,22.610,,19.922955,P0673002335OMS409SIMAGE0000.FTZ,D,55.304,21.625,59.381,68.643,2012-05-25T10:26:32.000,2012-05-25T11:18:52.000,3140.000,30.000,62.542,110.459
0673002335,2010 FW86,353.001598333,-0.858610556,353.009795417,-0.855799444,L,3,22.410,,19.922955,P0673002335OMS409SIMAGE0000.FTZ,D,29.506,10.120,31.193,71.069,2012-05-25T10:26:32.000,2012-05-25T11:18:52.000,3140.000,30.000,113.970,132.648
0673002335,1999 RU103,352.934103333,-0.802019167,352.954225417,-0.791736667,L,3,21.650,,19.922955,P0673002335OMS409SIMAGE0000.FTZ,D,72.432,37.017,81.343,62.930,2012-05-25T10:26:32.000,2012-05-25T11:18:52.000,3140.000,30.000,203.103,186.755
0673002335,2007 QD17,353.049372500,-0.861860278,353.060172083,-0.856743333,L,3,21.550,,19.922955,P0673002335OMS409SIMAGE0000.FTZ,D,38.874,18.421,43.018,64.645,2012-05-25T10:26:32.000,2012-05-25T11:18:52.000,3140.000,30.000,272.586,305.171
0673002335,2007 BP44,352.937600833,-0.913925278,352.946943333,-0.908723333,L,3,24.200,,19.922955,P0673002335OMS409SIMAGE0000.FTZ,D,33.629,18.727,38.491,60.888,2012-05-25T10:26:32.000,2012-05-25T11:18:52.000,3140.000,30.000,308.333,276.908
0673002335,2009 VB35,352.918222500,-0.955720278,352.935485833,-0.947330556,L,3,22.640,,19.922955,P0673002335OMS409SIMAGE0000.FTZ,D,62.139,30.203,69.091,64.078,2012-05-25T10:26:32.000,2012-05-25T11:18:52.000,3140.000,30.000,474.042,421.204
0673002335,2015 EV21,352.997269167,-0.713693056,353.005135000,-0.710350278,L,3,23.840,,19.922955,P0673002335OMS409SIMAGE0000.FTZ,D,28.315,12.034,30.766,66.974,2012-05-25T10:26:32.000,2012-05-25T11:18:52.000,3140.000,30.000,453.566,470.623
0673002335,2002 TW76,352.876986250,-0.744755556,352.893381667,-0.737134167,L,3,21.760,,19.922955,P0673002335OMS409SIMAGE0000.FTZ,D,59.019,27.437,65.084,65.067,2012-05-25T10:26:32.000,2012-05-25T11:18:52.000,3140.000,30.000,493.745,473.045
0673002335,2012 QJ54,352.863770000,-0.924981667,352.872483333,-0.919317222,L,3,22.890,,19.922955,P0673002335OMS409SIMAGE0000.FTZ,D,31.364,20.392,37.410,56.969,2012-05-25T10:26:32.000,2012-05-25T11:18:52.000,3140.000,30.000,515.050,477.756
0673002335,2009 BQ31,352.875829583,-0.943423333,352.883735833,-0.938818889,L,3,22.070,,19.922955,P0673002335OMS409SIMAGE0000.FTZ,D,28.459,16.576,32.934,59.781,2012-05-25T10:26:32.000,2012-05-25T11:18:52.000,3140.000,30.000,526.838,495.229
0673002335,2020 DB13,352.946839167,-0.702786111,352.956234167,-0.696266389,L,3,22.910,,19.922955,P0673002335OMS409SIMAGE0000.FTZ,D,33.819,23.471,41.166,55.239,2012-05-25T10:26:32.000,2012-05-25T11:18:52.000,3140.000,30.000,499.510,516.351
0673002335,2016 RA108,353.121625000,-0.839221944,353.133112500,-0.831646944,L,3,25.520,,19.922955,P0673002335OMS409SIMAGE0000.FTZ,D,41.351,27.270,49.533,56.596,2012-05-25T10:26:32.000,2012-05-25T11:18:52.000,3140.000,30.000,518.936,560.756
0673002335,2008 YM189,353.076152917,-0.728920278,353.083880000,-0.724356944,L,3,23.790,,19.922955,P0673002335OMS409SIMAGE0000.FTZ,D,27.815,16.428,32.304,59.433,2012-05-25T10:26:32.000,2012-05-25T11:18:52.000,3140.000,30.000,529.843,560.763
0673002335,2002 TM360,352.980851667,-0.689952778,352.993429167,-0.684925833,L,3,22.480,,19.922955,P0673002335OMS409SIMAGE0000.FTZ,D,45.276,18.097,48.759,68.213,2012-05-25T10:26:32.000,2012-05-25T11:18:52.000,3140.000,30.000,533.533,554.476
0673002335,2010 AU39,352.838058333,-0.930621944,352.847486250,-0.925565556,L,3,22.780,,19.922955,P0673002335OMS409SIMAGE0000.FTZ,D,33.936,18.203,38.510,61.791,2012-05-25T10:26:32.000,2012-05-25T11:18:52.000,3140.000,30.000,602.251,563.921
0673002335,2014 AN27,353.149686667,-0.821293611,353.159175000,-0.815229722,L,3,22.960,,19.922955,P0673002335OMS409SIMAGE0000.FTZ,D,34.155,21.830,40.535,57.415,2012-05-25T10:26:32.000,2012-05-25T11:18:52.000,3140.000,30.000,622.885,659.258
0673002335,2008 UT274,353.150830000,-0.795480833,353.161123333,-0.790757222,L,3,22.740,,19.922955,P0673002335OMS409SIMAGE0000.FTZ,D,37.052,17.005,40.768,65.348,2012-05-25T10:26:32.000,2012-05-25T11:18:52.000,3140.000,30.000,642.650,682.735
0673002335,2020 QR75,352.826825000,-0.954873611,352.835835833,-0.949525833,L,3,23.570,,19.922955,P0673002335OMS409SIMAGE0000.FTZ,D,32.435,19.252,37.718,59.308,2012-05-25T10:26:32.000,2012-05-25T11:18:52.000,3140.000,30.000,686.070,648.657
0673002335,Kawanotomoyoshi,352.836569167,-0.707193333,352.854070417,-0.698725000,L,3,18.810,,19.922955,P0673002335OMS409SIMAGE0000.FTZ,D,63.000,30.486,69.988,64.177,2012-05-25T10:26:32.000,2012-05-25T11:18:52.000,3140.000,30.000,692.372,670.159
0673002335,2020 JG38,353.165057083,-0.808913889,353.180482500,-0.800187778,L,3,22.460,,19.922955,P0673002335OMS409SIMAGE0000.FTZ,D,55.526,31.414,63.796,60.501,2012-05-25T10:26:32.000,2012-05-25T11:18:52.000,3140.000,30.000,683.397,743.436
0673002335,2015 DJ231,353.156487917,-0.764864444,353.163670833,-0.761771111,L,3,23.690,,19.922955,P0673002335OMS409SIMAGE0000.FTZ,D,25.856,11.136,28.152,66.699,2012-05-25T10:26:32.000,2012-05-25T11:18:52.000,3140.000,30.000,696.290,724.438
0673002335,2000 AT195,352.771590417,-0.827776389,352.783295000,-0.823797778,L,3,20.920,,19.922955,P0673002335OMS409SIMAGE0000.FTZ,D,42.132,14.323,44.500,71.224,2012-05-25T10:26:32.000,2012-05-25T11:18:52.000,3140.000,30.000,742.004,700.837
0673002335,2006 OM31,352.850277083,-1.002198333,352.861922917,-0.996550000,L,3,23.080,,19.922955,P0673002335OMS409SIMAGE0000.FTZ,D,41.919,20.334,46.590,64.123,2012-05-25T10:26:32.000,2012-05-25T11:18:52.000,3140.000,30.000,747.337,705.888
0673002335,2016 NR102,353.065125833,-1.015910833,353.080383333,-1.016133611,L,3,22.000,,19.922955,P0673002335OMS409SIMAGE0000.FTZ,D,54.918,-0.802,54.924,90.837,2012-05-25T10:26:32.000,2012-05-25T11:18:52.000,3140.000,30.000,713.607,740.228
0673002335,2007 JX17,352.763289167,-0.845228333,352.775142083,-0.841773889,L,3,21.630,,19.922955,P0673002335OMS409SIMAGE0000.FTZ,D,42.666,12.436,44.441,73.750,2012-05-25T10:26:32.000,2012-05-25T11:18:52.000,3140.000,30.000,771.374,728.403
0673002335,2011 FS106,353.020846250,-1.044456389,353.035177500,-1.036801389,L,3,22.060,,19.922955,P0673002335OMS409SIMAGE0000.FTZ,D,51.584,27.558,58.484,61.887,2012-05-25T10:26:32.000,2012-05-25T11:18:52.000,3140.000,30.000,759.055,744.818
0673002335,2015 KP333,352.880012500,-0.653511111,352.888435000,-0.648821944,L,3,24.000,,19.922955,P0673002335OMS409SIMAGE0000.FTZ,D,30.319,16.881,34.702,60.892,2012-05-25T10:26:32.000,2012-05-25T11:18:52.000,3140.000,30.000,751.486,753.061
0673002335,2011 HT38,352.935827500,-1.049051389,352.947375833,-1.045315556,L,3,22.460,,19.922955,P0673002335OMS409SIMAGE0000.FTZ,D,41.567,13.449,43.689,72.071,2012-05-25T10:26:32.000,2012-05-25T11:18:52.000,3140.000,30.000,774.011,753.735
0673002335,2020 GA4,353.092677917,-1.013450000,353.106454583,-1.008732778,L,3,22.950,,19.922955,P0673002335OMS409SIMAGE0000.FTZ,D,49.588,16.982,52.416,71.096,2012-05-25T10:26:32.000,2012-05-25T11:18:52.000,3140.000,30.000,755.246,769.959
0673002335,2012 TH269,352.759991250,-0.908887500,352.777018333,-0.902549444,L,3,23.160,,19.922955,P0673002335OMS409SIMAGE0000.FTZ,D,61.290,22.817,65.399,69.581,2012-05-25T10:26:32.000,2012-05-25T11:18:52.000,3140.000,30.000,823.229,757.892
0673002335,2011 CH42,352.933503750,-0.631689167,352.949617083,-0.618413333,L,3,22.490,,19.922955,P0673002335OMS409SIMAGE0000.FTZ,D,58.005,47.793,75.158,50.513,2012-05-25T10:26:32.000,2012-05-25T11:18:52.000,3140.000,30.000,759.804,797.262
0673002335,2007 CK65,353.094992500,-1.013805833,353.100842917,-1.010406389,L,3,23.280,,19.922955,P0673002335OMS409SIMAGE0000.FTZ,D,21.058,12.238,24.356,59.837,2012-05-25T10:26:32.000,2012-05-25T11:18:52.000,3140.000,30.000,760.917,762.840
0673002335,1998 RN65,353.135784583,-0.697881111,353.152357083,-0.691106667,L,3,21.520,,19.922955,P0673002335OMS409SIMAGE0000.FTZ,D,59.657,24.388,64.449,67.765,2012-05-25T10:26:32.000,2012-05-25T11:18:52.000,3140.000,30.000,761.354,822.456
0673002335,2012 TR71,352.824340000,-0.661036389,352.840279167,-0.653632500,L,3,23.180,,19.922955,P0673002335OMS409SIMAGE0000.FTZ,D,57.377,26.654,63.266,65.083,2012-05-25T10:26:32.000,2012-05-25T11:18:52.000,3140.000,30.000,842.746,827.620
0673002335,2013 GS66,352.871024583,-1.053132500,352.881169167,-1.048593889,L,3,26.310,,19.922955,P0673002335OMS409SIMAGE0000.FTZ,D,36.514,16.339,40.003,65.893,2012-05-25T10:26:32.000,2012-05-25T11:18:52.000,3140.000,30.000,863.684,833.232
0673002335,2002 AV30,353.101402500,-0.641826667,353.112535833,-0.636471944,L,3,22.770,,19.922955,P0673002335OMS409SIMAGE0000.FTZ,D,40.078,19.277,44.473,64.313,2012-05-25T10:26:32.000,2012-05-25T11:18:52.000,3140.000,30.000,835.697,873.711
0673002335,2014 WX562,352.802195417,-0.675190556,352.807648333,-0.673797222,L,3,21.970,,19.922955,P0673002335OMS409SIMAGE0000.FTZ,D,19.629,5.016,20.260,75.665,2012-05-25T10:26:32.000,2012-05-25T11:18:52.000,3140.000,30.000,861.440,850.650
0673002335,2009 BS161,352.945682917,-0.602946667,352.953420833,-0.600801111,L,3,23.720,,19.922955,P0673002335OMS409SIMAGE0000.FTZ,D,27.855,7.724,28.906,74.502,2012-05-25T10:26:32.000,2012-05-25T11:18:52.000,3140.000,30.000,854.310,858.712
0673002335,2008 OX29,352.730879167,-0.772559167,352.745194167,-0.764658889,L,3,22.520,,19.922955,P0673002335OMS409SIMAGE0000.FTZ,D,51.529,28.441,58.857,61.104,2012-05-25T10:26:32.000,2012-05-25T11:18:52.000,3140.000,30.000,918.462,876.918
0673002335,2004 FN77,353.137091667,-1.022390278,353.147906667,-1.017919167,L,3,23.250,,19.922955,P0673002335OMS409SIMAGE0000.FTZ,D,38.928,16.096,42.124,67.536,2012-05-25T10:26:32.000,2012-05-25T11:18:52.000,3140.000,30.000,877.621,891.837
0673002335,1997 XF5,352.957847500,-0.594348889,352.964697083,-0.589583889,L,3,20.010,,19.922955,P0673002335OMS409SIMAGE0000.FTZ,D,24.657,17.154,30.037,55.174,2012-05-25T10:26:32.000,2012-05-25T11:18:52.000,3140.000,30.000,880.404,895.901
0673002335,2013 YB149,352.837378333,-1.051734444,352.846978333,-1.046553889,L,3,22.160,,19.922955,P0673002335OMS409SIMAGE0000.FTZ,D,34.554,18.650,39.266,61.643,2012-05-25T10:26:32.000,2012-05-25T11:18:52.000,3140.000,30.000,919.594,885.247
0673002335,2011 HU6,353.192375833,-0.961433333,353.206095417,-0.956455278,L,3,22.730,,19.922955,P0673002335OMS409SIMAGE0000.FTZ,D,49.384,17.921,52.535,70.054,2012-05-25T10:26:32.000,2012-05-25T11:18:52.000,3140.000,30.000,891.915,926.697
0673002335,2015 ML130,352.700655833,-0.852414722,352.728795417,-0.837597500,L,3,22.530,,19.922955,P0673002335OMS409SIMAGE0000.FTZ,D,101.291,53.342,114.479,62.228,2012-05-25T10:26:32.000,2012-05-25T11:18:52.000,3140.000,30.000,997.733,895.116
0673002335,2002 AT54,353.222900417,-0.791781944,353.233149583,-0.787347500,L,3,22.140,,19.922955,P0673002335OMS409SIMAGE0000.FTZ,D,36.893,15.964,40.199,66.602,2012-05-25T10:26:32.000,2012-05-25T11:18:52.000,3140.000,30.000,899.088,938.345
0673002335,2011 HY113,352.801881250,-1.027943056,352.810192917,-1.024034444,L,3,23.950,,19.922955,P0673002335OMS409SIMAGE0000.FTZ,D,29.917,14.071,33.061,64.811,2012-05-25T10:26:32.000,2012-05-25T11:18:52.000,3140.000,30.000,930.829,900.271
0673002335,Legendre,352.972667917,-1.093344444,352.983593750,-1.088550833,L,3,20.950,,19.922955,P0673002335OMS409SIMAGE0000.FTZ,D,39.326,17.257,42.946,66.307,2012-05-25T10:26:32.000,2012-05-25T11:18:52.000,3140.000,30.000,918.979,901.830
0673002335,2015 DK264,352.961832500,-0.586901667,352.970133333,-0.584184444,L,3,23.530,,19.922955,P0673002335OMS409SIMAGE0000.FTZ,D,29.881,9.782,31.442,71.874,2012-05-25T10:26:32.000,2012-05-25T11:18:52.000,3140.000,30.000,906.126,914.540
0673002335,2002 TJ304,352.798455417,-1.032444722,352.807251667,-1.029563333,L,3,21.590,,19.922955,P0673002335OMS409SIMAGE0000.FTZ,D,31.661,10.373,33.317,71.860,2012-05-25T10:26:32.000,2012-05-25T11:18:52.000,3140.000,30.000,951.101,922.164
0673002335,2009 BE67,352.961885833,-0.582043889,352.969572083,-0.577919722,L,3,22.910,,19.922955,P0673002335OMS409SIMAGE0000.FTZ,D,27.669,14.847,31.401,61.782,2012-05-25T10:26:32.000,2012-05-25T11:18:52.000,3140.000,30.000,923.569,937.143
0673002335,2015 DC220,353.082860833,-0.603227500,353.092496250,-0.597527778,L,3,22.340,,19.922955,P0673002335OMS409SIMAGE0000.FTZ,D,34.686,20.519,40.300,59.393,2012-05-25T10:26:32.000,2012-05-25T11:18:52.000,3140.000,30.000,926.816,960.017
0673002335,2017 XU27,353.147760833,-1.059547500,353.160515833,-1.053781944,L,3,22.960,,19.922955,P0673002335OMS409SIMAGE0000.FTZ,D,45.910,20.756,50.384,65.672,2012-05-25T10:26:32.000,2012-05-25T11:18:52.000,3140.000,30.000,1005.579,1018.295
0673002335,von Helfta,352.691838333,-0.731600833,352.709377500,-0.723465000,L,3,19.910,,19.922955,P0673002335OMS409SIMAGE0000.FTZ,D,63.136,29.289,69.599,65.113,2012-05-25T10:26:32.000,2012-05-25T11:18:52.000,3140.000,30.000,1097.339,1049.588
0673002335,2015 MD150,353.125324583,-0.580312500,353.145149583,-0.573680000,L,3,23.120,,19.922955,P0673002335OMS409SIMAGE0000.FTZ,D,71.366,23.877,75.255,71.501,2012-05-25T10:26:32.000,2012-05-25T11:18:52.000,3140.000,30.000,1069.888,1127.214
0673002335,2009 BA20,353.247544167,-0.964925556,353.256239167,-0.960460278,L,3,22.460,,19.922955,P0673002335OMS409SIMAGE0000.FTZ,D,31.298,16.075,35.184,62.814,2012-05-25T10:26:32.000,2012-05-25T11:18:52.000,3140.000,30.000,1074.013,1095.865
0673002335,2003 ET10,352.932312083,-1.141469167,352.942433333,-1.136606944,L,3,21.810,,19.922955,P0673002335OMS409SIMAGE0000.FTZ,D,36.429,17.504,40.416,64.336,2012-05-25T10:26:32.000,2012-05-25T11:18:52.000,3140.000,30.000,1104.093,1081.935
0673002335,2017 BM187,352.718410833,-1.021640833,352.730334167,-1.016412500,L,3,24.230,,19.922955,P0673002335OMS409SIMAGE0000.FTZ,D,42.917,18.822,46.863,66.319,2012-05-25T10:26:32.000,2012-05-25T11:18:52.000,3140.000,30.000,1142.806,1096.947
0673002335,2005 PU21,353.190008333,-0.617570000,353.190410417,-0.617381389,L,3,22.780,,19.922955,P0673002335OMS409SIMAGE0000.FTZ,D,1.447,0.679,1.599,64.868,2012-05-25T10:26:32.000,2012-05-25T11:18:52.000,3140.000,30.000,1102.615,1104.108
0673002335,2001 YT66,352.830538333,-0.564001389,352.842507917,-0.557554722,L,3,22.760,,19.922955,P0673002335OMS409SIMAGE0000.FTZ,D,43.088,23.208,48.941,61.693,2012-05-25T10:26:32.000,2012-05-25T11:18:52.000,3140.000,30.000,1119.616,1120.787
0673002335,2012 TU211,352.728633750,-1.051392222,352.742356667,-1.046018056,L,3,23.500,,19.922955,P0673002335OMS409SIMAGE0000.FTZ,D,49.394,19.347,53.048,68.610,2012-05-25T10:26:32.000,2012-05-25T11:18:52.000,3140.000,30.000,1179.714,1129.755
0673002335,2013 WB131,352.648747917,-0.811320833,352.656983750,-0.807466944,L,3,23.320,,19.922955,P0673002335OMS409SIMAGE0000.FTZ,D,29.646,13.874,32.732,64.921,2012-05-25T10:26:32.000,2012-05-25T11:18:52.000,3140.000,30.000,1187.184,1158.878
0673002335,2001 RO4,352.670487500,-0.705605833,352.685613333,-0.698225556,L,3,20.980,,19.922955,P0673002335OMS409SIMAGE0000.FTZ,D,54.449,26.569,60.585,63.989,2012-05-25T10:26:32.000,2012-05-25T11:18:52.000,3140.000,30.000,1203.592,1165.042
0673002335,2005 UH98,352.884547917,-0.520798333,352.904175000,-0.512873333,L,3,22.580,,19.922955,P0673002335OMS409SIMAGE0000.FTZ,D,70.655,28.530,76.197,68.011,2012-05-25T10:26:32.000,2012-05-25T11:18:52.000,3140.000,30.000,1190.310,1200.234
0673002335,2010 AR142,353.247966250,-0.642628889,353.258487917,-0.636836667,L,3,23.180,,19.922955,P0673002335OMS409SIMAGE0000.FTZ,D,37.876,20.852,43.236,61.166,2012-05-25T10:26:32.000,2012-05-25T11:18:52.000,3140.000,30.000,1201.422,1244.344
0673002335,2010 EJ111,352.637270000,-0.811714444,352.643891667,-0.809324167,L,3,23.630,,19.922955,P0673002335OMS409SIMAGE0000.FTZ,D,23.836,8.605,25.341,70.150,2012-05-25T10:26:32.000,2012-05-25T11:18:52.000,3140.000,30.000,1228.258,1205.205
0673002335,2008 UW341,352.903817917,-0.511295000,352.917366667,-0.505489167,L,3,22.080,,19.922955,P0673002335OMS409SIMAGE0000.FTZ,D,48.774,20.901,53.063,66.803,2012-05-25T10:26:32.000,2012-05-25T11:18:52.000,3140.000,30.000,1206.060,1216.848
0673002335,2008 FZ67,352.757111667,-1.108568889,352.770315833,-1.103224167,L,3,22.790,,19.922955,P0673002335OMS409SIMAGE0000.FTZ,D,47.526,19.241,51.273,67.959,2012-05-25T10:26:32.000,2012-05-25T11:18:52.000,3140.000,30.000,1255.803,1211.120
0673002335,2010 DY45,352.777832083,-1.125806667,352.786239583,-1.121630556,L,3,22.690,,19.922955,P0673002335OMS409SIMAGE0000.FTZ,D,30.261,15.034,33.790,63.581,2012-05-25T10:26:32.000,2012-05-25T11:18:52.000,3140.000,30.000,1260.548,1231.052
0673002335,2017 UF101,352.967065417,-1.186531389,352.977921250,-1.181134444,L,3,22.970,,19.922955,P0673002335OMS409SIMAGE0000.FTZ,D,39.073,19.429,43.637,63.561,2012-05-25T10:26:32.000,2012-05-25T11:18:52.000,3140.000,30.000,1254.848,1234.862
0673002335,2001 RJ83,353.322311667,-0.819829167,353.330062917,-0.815255556,L,3,20.720,,19.922955,P0673002335OMS409SIMAGE0000.FTZ,D,27.902,16.465,32.398,59.455,2012-05-25T10:26:32.000,2012-05-25T11:18:52.000,3140.000,30.000,1243.063,1271.886
0673002335,2009 VU45,352.984218750,-0.491208056,353.000005000,-0.484410556,L,3,22.810,,19.922955,P0673002335OMS409SIMAGE0000.FTZ,D,56.828,24.471,61.873,66.703,2012-05-25T10:26:32.000,2012-05-25T11:18:52.000,3140.000,30.000,1249.111,1275.928
0673002335,2023 UH46,352.740836250,-1.108965000,352.752294167,-1.104605000,L,3,23.970,,19.922955,P0673002335OMS409SIMAGE0000.FTZ,D,41.241,15.696,44.127,69.163,2012-05-25T10:26:32.000,2012-05-25T11:18:52.000,3140.000,30.000,1294.675,1255.893
0673002335,2004 XM148,353.122353333,-0.516617778,353.131509167,-0.512264167,L,3,21.620,,19.922955,P0673002335OMS409SIMAGE0000.FTZ,D,32.960,15.673,36.496,64.568,2012-05-25T10:26:32.000,2012-05-25T11:18:52.000,3140.000,30.000,1269.488,1297.533
0673002335,2008 DJ67,352.960415417,-0.481161944,352.974302083,-0.474739167,L,3,22.640,,19.922955,P0673002335OMS409SIMAGE0000.FTZ,D,49.990,23.122,55.079,65.178,2012-05-25T10:26:32.000,2012-05-25T11:18:52.000,3140.000,30.000,1286.505,1308.212
0673002335,2007 BW90,352.614317083,-0.924926389,352.626931250,-0.918191389,L,3,23.160,,19.922955,P0673002335OMS409SIMAGE0000.FTZ,D,45.405,24.246,51.473,61.898,2012-05-25T10:26:32.000,2012-05-25T11:18:52.000,3140.000,30.000,1344.015,1294.283
0673002335,2008 HA41,352.852897083,-1.187625278,352.866691667,-1.181695556,L,3,23.270,,19.922955,P0673002335OMS409SIMAGE0000.FTZ,D,49.650,21.347,54.044,66.735,2012-05-25T10:26:32.000,2012-05-25T11:18:52.000,3140.000,30.000,1335.730,1299.559
0673002335,2008 SZ282,353.254641667,-0.600376389,353.270324167,-0.593951111,L,3,22.330,,19.922955,P0673002335OMS409SIMAGE0000.FTZ,D,56.454,23.131,61.009,67.720,2012-05-25T10:26:32.000,2012-05-25T11:18:52.000,3140.000,30.000,1314.545,1372.588
0673002335,1998 BJ21,352.602366667,-0.790231944,352.615085833,-0.783481111,L,3,22.800,,19.922955,P0673002335OMS409SIMAGE0000.FTZ,D,45.785,24.303,51.835,62.040,2012-05-25T10:26:32.000,2012-05-25T11:18:52.000,3140.000,30.000,1361.178,1319.180
0673002335,Dowling,352.630834583,-1.005171944,352.646320000,-0.998573889,L,3,19.460,,19.922955,P0673002335OMS409SIMAGE0000.FTZ,D,55.739,23.753,60.589,66.919,2012-05-25T10:26:32.000,2012-05-25T11:18:52.000,3140.000,30.000,1385.081,1324.560
0673002335,2008 RA21,352.776585417,-1.161135556,352.789487500,-1.155280000,L,3,22.950,,19.922955,P0673002335OMS409SIMAGE0000.FTZ,D,46.438,21.080,50.999,65.585,2012-05-25T10:26:32.000,2012-05-25T11:18:52.000,3140.000,30.000,1369.329,1327.208
0673002335,1998 UO48,353.157490000,-1.166589167,353.170736667,-1.161817500,L,3,20.910,,19.922955,P0673002335OMS409SIMAGE0000.FTZ,D,47.678,17.178,50.678,70.186,2012-05-25T10:26:32.000,2012-05-25T11:18:52.000,3140.000,30.000,1348.404,1357.177
0673002335,2010 EP92,352.593912917,-0.868380556,352.602897083,-0.865210833,L,3,22.830,,19.922955,P0673002335OMS409SIMAGE0000.FTZ,D,32.339,11.411,34.293,70.564,2012-05-25T10:26:32.000,2012-05-25T11:18:52.000,3140.000,30.000,1384.926,1351.818
0673002335,2021 PS170,353.329312500,-0.697244722,353.337880000,-0.691819167,L,3,23.880,,19.922955,P0673002335OMS409SIMAGE0000.FTZ,D,30.841,19.532,36.505,57.653,2012-05-25T10:26:32.000,2012-05-25T11:18:52.000,3140.000,30.000,1364.298,1400.206
0673002335,2005 EU347,352.882104583,-1.211556944,352.892015417,-1.207953333,L,3,23.100,,19.922955,P0673002335OMS409SIMAGE0000.FTZ,D,35.671,12.973,37.957,70.014,2012-05-25T10:26:32.000,2012-05-25T11:18:52.000,3140.000,30.000,1387.508,1366.473
0673002335,2006 AA89,352.833545000,-1.196953611,352.841919167,-1.192753611,L,3,23.570,,19.922955,P0673002335OMS409SIMAGE0000.FTZ,D,30.140,15.120,33.720,63.359,2012-05-25T10:26:32.000,2012-05-25T11:18:52.000,3140.000,30.000,1391.807,1366.737
0673002335,2010 CX90,353.355205833,-0.877996111,353.369010833,-0.872385833,L,3,23.310,,19.922955,P0673002335OMS409SIMAGE0000.FTZ,D,49.692,20.197,53.640,67.881,2012-05-25T10:26:32.000,2012-05-25T11:18:52.000,3140.000,30.000,1367.273,1414.797
0673002335,2002 RP232,352.698167917,-1.117965278,352.713176667,-1.110971944,L,3,22.170,,19.922955,P0673002335OMS409SIMAGE0000.FTZ,D,54.021,25.176,59.600,65.013,2012-05-25T10:26:32.000,2012-05-25T11:18:52.000,3140.000,30.000,1423.247,1367.419
0673002335,2006 BC7,352.972364583,-1.223601944,352.982852917,-1.218233333,L,3,22.750,,19.922955,P0673002335OMS409SIMAGE0000.FTZ,D,37.749,19.327,42.409,62.888,2012-05-25T10:26:32.000,2012-05-25T11:18:52.000,3140.000,30.000,1387.865,1368.554
0673002335,2008 SY216,353.315610000,-0.661523056,353.326981250,-0.655100556,L,3,21.880,,19.922955,P0673002335OMS409SIMAGE0000.FTZ,D,40.934,23.121,47.012,60.541,2012-05-25T10:26:32.000,2012-05-25T11:18:52.000,3140.000,30.000,1373.239,1420.226
0673002335,2009 UY159,352.751959583,-0.527159722,352.763636250,-0.521799722,L,3,23.610,,19.922955,P0673002335OMS409SIMAGE0000.FTZ,D,42.034,19.296,46.252,65.342,2012-05-25T10:26:32.000,2012-05-25T11:18:52.000,3140.000,30.000,1382.794,1374.489
0673002335,2011 EG98,353.043375000,-0.461705278,353.055508333,-0.456906944,L,3,23.130,,19.922955,P0673002335OMS409SIMAGE0000.FTZ,D,43.679,17.274,46.970,68.422,2012-05-25T10:26:32.000,2012-05-25T11:18:52.000,3140.000,30.000,1375.698,1400.819
0673002335,2006 CF19,353.198015833,-0.518760000,353.208440833,-0.513703333,L,3,22.590,,19.922955,P0673002335OMS409SIMAGE0000.FTZ,D,37.528,18.204,41.711,64.123,2012-05-25T10:26:32.000,2012-05-25T11:18:52.000,3140.000,30.000,1397.176,1433.627
0673002335,2023 TG20,352.960212917,-0.447261111,352.973632917,-0.440422500,L,3,24.160,,19.922955,P0673002335OMS409SIMAGE0000.FTZ,D,48.311,24.619,54.222,62.997,2012-05-25T10:26:32.000,2012-05-25T11:18:52.000,3140.000,30.000,1408.453,1431.769
0673002335,2006 OO10,352.819515417,-1.204549167,352.831433333,-1.202095833,L,3,20.670,,19.922955,P0673002335OMS409SIMAGE0000.FTZ,D,42.895,8.832,43.795,78.366,2012-05-25T10:26:32.000,2012-05-25T11:18:52.000,3140.000,30.000,1436.450,1411.818
0673002335,2008 SB46,353.360576667,-0.929684167,353.372444583,-0.924718889,L,3,21.340,,19.922955,P0673002335OMS409SIMAGE0000.FTZ,D,42.719,17.875,46.308,67.294,2012-05-25T10:26:32.000,2012-05-25T11:18:52.000,3140.000,30.000,1417.889,1455.539
0673002335,2000 RM30,353.098564583,-1.218990278,353.107073333,-1.213324167,L,3,19.470,,19.922955,P0673002335OMS409SIMAGE0000.FTZ,D,30.625,20.398,36.796,56.334,2012-05-25T10:26:32.000,2012-05-25T11:18:52.000,3140.000,30.000,1438.759,1429.036
0673002335,2003 YZ130,352.570970000,-0.781271667,352.578198333,-0.777234722,L,3,22.360,,19.922955,P0673002335OMS409SIMAGE0000.FTZ,D,26.020,14.533,29.803,60.815,2012-05-25T10:26:32.000,2012-05-25T11:18:52.000,3140.000,30.000,1477.477,1453.833
0673002335,2015 JA20,353.328202917,-1.042886111,353.340727500,-1.037093611,L,3,23.340,,19.922955,P0673002335OMS409SIMAGE0000.FTZ,D,45.081,20.853,49.670,65.176,2012-05-25T10:26:32.000,2012-05-25T11:18:52.000,3140.000,30.000,1461.946,1490.920
0673002335,2011 JY6,352.600650833,-0.664329167,352.611111667,-0.661898056,L,3,22.130,,19.922955,P0673002335OMS409SIMAGE0000.FTZ,D,37.656,8.752,38.660,76.916,2012-05-25T10:26:32.000,2012-05-25T11:18:52.000,3140.000,30.000,1493.747,1463.412
0673002335,2003 BQ52,353.300184167,-1.088426389,353.311449167,-1.083120556,L,3,22.180,,19.922955,P0673002335OMS409SIMAGE0000.FTZ,D,40.547,19.101,44.821,64.776,2012-05-25T10:26:32.000,2012-05-25T11:18:52.000,3140.000,30.000,1470.161,1491.028
0673002335,2012 TS216,352.636647083,-0.593664167,352.651717917,-0.587351111,L,3,22.390,,19.922955,P0673002335OMS409SIMAGE0000.FTZ,D,54.252,22.727,58.820,67.270,2012-05-25T10:26:32.000,2012-05-25T11:18:52.000,3140.000,30.000,1509.838,1479.851
0673002335,2018 FH75,353.088841250,-0.439194722,353.100322083,-0.434472500,L,3,24.090,,19.922955,P0673002335OMS409SIMAGE0000.FTZ,D,41.330,17.000,44.690,67.641,2012-05-25T10:26:32.000,2012-05-25T11:18:52.000,3140.000,30.000,1491.037,1518.933
0673002335,1996 XZ5,352.586269583,-0.678546111,352.596757083,-0.673218889,L,3,21.560,,19.922955,P0673002335OMS409SIMAGE0000.FTZ,D,37.752,19.178,42.344,63.070,2012-05-25T10:26:32.000,2012-05-25T11:18:52.000,3140.000,30.000,1520.845,1493.478
0673002335,2012 TO189,353.239434167,-0.514265000,353.256867500,-0.507021944,L,3,23.780,,19.922955,P0673002335OMS409SIMAGE0000.FTZ,D,62.758,26.075,67.959,67.438,2012-05-25T10:26:32.000,2012-05-25T11:18:52.000,3140.000,30.000,1499.514,1559.590
0673002335,2010 AA163,352.870220000,-1.251317222,352.883573750,-1.244009444,L,3,22.720,,19.922955,P0673002335OMS409SIMAGE0000.FTZ,D,48.062,26.308,54.791,61.305,2012-05-25T10:26:32.000,2012-05-25T11:18:52.000,3140.000,30.000,1536.789,1499.783
0673002335,2003 YN107,353.116853333,-1.237551944,353.149106667,-1.218516111,L,3,27.620,,19.922955,P0673002335OMS409SIMAGE0000.FTZ,D,116.085,68.529,134.804,59.445,2012-05-25T10:26:32.000,2012-05-25T11:18:52.000,3140.000,30.000,1522.977,1502.345
0673002335,2003 SD8,353.382200000,-0.941208056,353.394638750,-0.935875833,L,3,22.440,,19.922955,P0673002335OMS409SIMAGE0000.FTZ,D,44.773,19.196,48.715,66.793,2012-05-25T10:26:32.000,2012-05-25T11:18:52.000,3140.000,30.000,1503.398,1542.334
0673002335,2012 SP31,353.361146250,-0.669950278,353.380185417,-0.662929167,L,3,22.650,,19.922955,P0673002335OMS409SIMAGE0000.FTZ,D,68.536,25.276,73.049,69.756,2012-05-25T10:26:32.000,2012-05-25T11:18:52.000,3140.000,30.000,1507.992,1580.916
0673002335,2016 LE72,352.546512500,-0.918396389,352.564050417,-0.914471111,L,3,22.120,,19.922955,P0673002335OMS409SIMAGE0000.FTZ,D,63.128,14.131,64.691,77.383,2012-05-25T10:26:32.000,2012-05-25T11:18:52.000,3140.000,30.000,1577.938,1513.291
0673002335,2015 LY47,353.159006250,-1.221705833,353.172610833,-1.214962222,L,3,23.960,,19.922955,P0673002335OMS409SIMAGE0000.FTZ,D,48.965,24.277,54.653,63.628,2012-05-25T10:26:32.000,2012-05-25T11:18:52.000,3140.000,30.000,1527.717,1527.696
0673002335,2009 YF19,352.608529167,-1.066748056,352.615572917,-1.065352222,L,3,22.490,,19.922955,P0673002335OMS409SIMAGE0000.FTZ,D,25.353,5.025,25.846,78.789,2012-05-25T10:26:32.000,2012-05-25T11:18:52.000,3140.000,30.000,1562.366,1538.195
0673002335,2003 UK375,353.053635417,-0.416767222,353.062782500,-0.411998056,L,3,22.640,,19.922955,P0673002335OMS409SIMAGE0000.FTZ,D,32.929,17.169,37.136,62.462,2012-05-25T10:26:32.000,2012-05-25T11:18:52.000,3140.000,30.000,1541.445,1564.472
0673002335,2020 BF82,353.392182500,-0.950322222,353.402641250,-0.943118611,L,3,21.920,,19.922955,P0673002335OMS409SIMAGE0000.FTZ,D,37.646,25.933,45.714,55.439,2012-05-25T10:26:32.000,2012-05-25T11:18:52.000,3140.000,30.000,1546.487,1576.440
0673002335,2001 FN204,352.810452500,-0.435827500,352.821355417,-0.431546944,L,3,23.250,,19.922955,P0673002335OMS409SIMAGE0000.FTZ,D,39.249,15.410,42.166,68.564,2012-05-25T10:26:32.000,2012-05-25T11:18:52.000,3140.000,30.000,1568.075,1567.827
0673002335,2005 YH148,353.129662083,-1.247913333,353.137538333,-1.243574444,L,3,23.230,,19.922955,P0673002335OMS409SIMAGE0000.FTZ,D,28.348,15.620,32.366,61.145,2012-05-25T10:26:32.000,2012-05-25T11:18:52.000,3140.000,30.000,1573.693,1569.246
0673002335,2012 SM78,352.527722083,-0.858555000,352.541718333,-0.853283333,L,3,23.070,,19.922955,P0673002335OMS409SIMAGE0000.FTZ,D,50.381,18.978,53.837,69.359,2012-05-25T10:26:32.000,2012-05-25T11:18:52.000,3140.000,30.000,1620.568,1569.467
0673002335,2001 TA40,352.845173333,-1.268968333,352.861820833,-1.260678611,L,3,21.320,,19.922955,P0673002335OMS409SIMAGE0000.FTZ,D,59.916,29.843,66.937,63.523,2012-05-25T10:26:32.000,2012-05-25T11:18:52.000,3140.000,30.000,1622.508,1577.140
0673002335,2015 BY213,352.558657083,-0.685018333,352.565472083,-0.680470556,L,3,22.830,,19.922955,P0673002335OMS409SIMAGE0000.FTZ,D,24.532,16.372,29.494,56.282,2012-05-25T10:26:32.000,2012-05-25T11:18:52.000,3140.000,30.000,1605.165,1587.925
0673002335,2009 BN135,352.836200833,-0.418040556,352.845906667,-0.413210556,L,3,23.060,,19.922955,P0673002335OMS409SIMAGE0000.FTZ,D,34.940,17.388,39.028,63.543,2012-05-25T10:26:32.000,2012-05-25T11:18:52.000,3140.000,30.000,1595.486,1601.298
0673002335,2001 DT117,353.294005833,-1.151091111,353.304305000,-1.145984444,L,3,23.130,,19.922955,P0673002335OMS409SIMAGE0000.FTZ,D,37.070,18.384,41.378,63.622,2012-05-25T10:26:32.000,2012-05-25T11:18:52.000,3140.000,30.000,1602.385,1616.292
0673002335,2009 CU60,353.303493750,-0.531059444,353.310423333,-0.527501389,L,3,23.300,,19.922955,P0673002335OMS409SIMAGE0000.FTZ,D,24.945,12.809,28.042,62.820,2012-05-25T10:26:32.000,2012-05-25T11:18:52.000,3140.000,30.000,1612.238,1639.197
0673002335,Alanholmes,352.824511667,-1.269681944,352.836335833,-1.264141389,L,3,20.320,,19.922955,P0673002335OMS409SIMAGE0000.FTZ,D,42.557,19.946,46.999,64.888,2012-05-25T10:26:32.000,2012-05-25T11:18:52.000,3140.000,30.000,1648.291,1615.622
0673002335,2012 SA39,352.519282917,-0.896895278,352.531587083,-0.891313333,L,3,22.760,,19.922955,P0673002335OMS409SIMAGE0000.FTZ,D,44.290,20.095,48.635,65.595,2012-05-25T10:26:32.000,2012-05-25T11:18:52.000,3140.000,30.000,1662.785,1616.362
0673002335,2008 UZ70,353.033809583,-1.288875556,353.044059167,-1.283407500,L,3,22.850,,19.922955,P0673002335OMS409SIMAGE0000.FTZ,D,36.889,19.685,41.813,61.915,2012-05-25T10:26:32.000,2012-05-25T11:18:52.000,3140.000,30.000,1635.353,1620.865
0673002335,2017 OS111,353.150008333,-1.254228333,353.159875000,-1.250705000,L,3,23.130,,19.922955,P0673002335OMS409SIMAGE0000.FTZ,D,35.512,12.684,37.709,70.344,2012-05-25T10:26:32.000,2012-05-25T11:18:52.000,3140.000,30.000,1621.637,1623.958
0673002335,2005 YA97,352.723982917,-1.238904167,352.741644167,-1.230014167,L,3,22.330,,19.922955,P0673002335OMS409SIMAGE0000.FTZ,D,63.566,32.004,71.168,63.276,2012-05-25T10:26:32.000,2012-05-25T11:18:52.000,3140.000,30.000,1707.105,1646.488
0673002335,2005 AJ48,352.584395833,-1.093292778,352.593843750,-1.088470278,L,3,21.550,,19.922955,P0673002335OMS409SIMAGE0000.FTZ,D,34.006,17.361,38.182,62.955,2012-05-25T10:26:32.000,2012-05-25T11:18:52.000,3140.000,30.000,1686.912,1648.941
0673002335,2015 MG182,352.778427917,-0.425113611,352.795231250,-0.417843889,L,3,22.910,,19.922955,P0673002335OMS409SIMAGE0000.FTZ,D,60.490,26.171,65.909,66.604,2012-05-25T10:26:32.000,2012-05-25T11:18:52.000,3140.000,30.000,1650.446,1649.079
0673002335,2006 GR27,352.695836667,-1.214006389,352.707997917,-1.209256667,L,3,21.160,,19.922955,P0673002335OMS409SIMAGE0000.FTZ,D,43.771,17.099,46.992,68.662,2012-05-25T10:26:32.000,2012-05-25T11:18:52.000,3140.000,30.000,1690.778,1651.036
0673002335,2015 BB616,353.320512500,-0.532987778,353.330295417,-0.528662500,L,3,23.040,,19.922955,P0673002335OMS409SIMAGE0000.FTZ,D,35.217,15.571,38.506,66.148,2012-05-25T10:26:32.000,2012-05-25T11:18:52.000,3140.000,30.000,1652.744,1689.447
0673002335,2001 OK81,353.275607083,-1.194198333,353.287341667,-1.184953889,L,3,19.220,,19.922955,P0673002335OMS409SIMAGE0000.FTZ,D,42.235,33.280,53.772,51.763,2012-05-25T10:26:32.000,2012-05-25T11:18:52.000,3140.000,30.000,1671.788,1674.247
0673002335,2023 QD31,353.126501667,-1.280909167,353.135440000,-1.275344444,L,3,23.110,,19.922955,P0673002335OMS409SIMAGE0000.FTZ,D,32.170,20.033,37.898,58.089,2012-05-25T10:26:32.000,2012-05-25T11:18:52.000,3140.000,30.000,1681.892,1673.574
0673002335,2007 AW1,353.373218750,-0.591840833,353.385485833,-0.585850278,L,3,22.630,,19.922955,P0673002335OMS409SIMAGE0000.FTZ,D,44.159,21.566,49.144,63.971,2012-05-25T10:26:32.000,2012-05-25T11:18:52.000,3140.000,30.000,1677.958,1726.852
0673002335,2009 WH294,352.503055417,-0.901055000,352.514434583,-0.895088889,L,3,23.730,,19.922955,P0673002335OMS409SIMAGE0000.FTZ,D,40.960,21.478,46.250,62.329,2012-05-25T10:26:32.000,2012-05-25T11:18:52.000,3140.000,30.000,1722.643,1679.290
0673002335,2011 GQ84,352.844440833,-1.293352778,352.855155417,-1.288681944,L,3,23.460,,19.922955,P0673002335OMS409SIMAGE0000.FTZ,D,38.563,16.815,42.069,66.441,2012-05-25T10:26:32.000,2012-05-25T11:18:52.000,3140.000,30.000,1707.358,1680.713
0673002335,2012 QD26,353.273133333,-1.204216111,353.282976667,-1.199666111,L,3,22.580,,19.922955,P0673002335OMS409SIMAGE0000.FTZ,D,35.428,16.380,39.032,65.187,2012-05-25T10:26:32.000,2012-05-25T11:18:52.000,3140.000,30.000,1693.990,1703.926
0673002335,2015 OV175,352.618722083,-0.524320000,352.630853333,-0.517102222,L,3,23.360,,19.922955,P0673002335OMS409SIMAGE0000.FTZ,D,43.671,25.984,50.816,59.247,2012-05-25T10:26:32.000,2012-05-25T11:18:52.000,3140.000,30.000,1715.757,1700.684
0673002335,2000 VT64,352.516745000,-0.690161667,352.529846667,-0.683615278,L,3,22.680,,19.922955,P0673002335OMS409SIMAGE0000.FTZ,D,47.163,23.567,52.723,63.449,2012-05-25T10:26:32.000,2012-05-25T11:18:52.000,3140.000,30.000,1741.879,1704.582
0673002335,2007 RJ50,353.284162500,-0.476617778,353.294189583,-0.470875000,L,3,22.520,,19.922955,P0673002335OMS409SIMAGE0000.FTZ,D,36.096,20.674,41.598,60.198,2012-05-25T10:26:32.000,2012-05-25T11:18:52.000,3140.000,30.000,1706.616,1745.789
0673002335,2007 EN172,353.452819583,-0.873808333,353.462738750,-0.869513611,L,3,23.980,,19.922955,P0673002335OMS409SIMAGE0000.FTZ,D,35.705,15.461,38.909,66.586,2012-05-25T10:26:32.000,2012-05-25T11:18:52.000,3140.000,30.000,1715.903,1750.445
0673002335,2020 KB18,353.370199583,-0.566847222,353.382148750,-0.562033611,L,3,23.100,,19.922955,P0673002335OMS409SIMAGE0000.FTZ,D,43.015,17.329,46.374,68.057,2012-05-25T10:26:32.000,2012-05-25T11:18:52.000,3140.000,30.000,1718.240,1763.510
0673002335,2010 DB114,352.973801250,-0.360372222,352.981944167,-0.357534722,L,3,23.610,,19.922955,P0673002335OMS409SIMAGE0000.FTZ,D,29.314,10.215,31.043,70.788,2012-05-25T10:26:32.000,2012-05-25T11:18:52.000,3140.000,30.000,1719.934,1730.173
0673002335,2008 HE21,352.961434167,-0.359173889,352.977877917,-0.353048611,L,3,21.680,,19.922955,P0673002335OMS409SIMAGE0000.FTZ,D,59.196,22.051,63.170,69.569,2012-05-25T10:26:32.000,2012-05-25T11:18:52.000,3140.000,30.000,1725.163,1746.249
0673002335,2001 CJ19,352.501526250,-0.726573333,352.513134583,-0.718880000,L,3,20.170,,19.922955,P0673002335OMS409SIMAGE0000.FTZ,D,41.787,27.696,50.132,56.464,2012-05-25T10:26:32.000,2012-05-25T11:18:52.000,3140.000,30.000,1759.650,1725.675
0673002335,2017 DD21,352.753400000,-0.413231389,352.757642500,-0.410737222,L,3,22.360,,19.922955,P0673002335OMS409SIMAGE0000.FTZ,D,15.273,8.979,17.717,59.548,2012-05-25T10:26:32.000,2012-05-25T11:18:52.000,3140.000,30.000,1729.226,1730.136
0673002335,2010 DO75,352.489910000,-0.820232778,352.496921250,-0.815691667,L,3,23.780,,19.922955,P0673002335OMS409SIMAGE0000.FTZ,D,25.238,16.348,30.070,57.067,2012-05-25T10:26:32.000,2012-05-25T11:18:52.000,3140.000,30.000,1756.195,1731.660
0673002335,2009 WC31,353.355288750,-0.539982500,353.365881250,-0.535115556,L,3,23.620,,19.922955,P0673002335OMS409SIMAGE0000.FTZ,D,38.131,17.521,41.964,65.322,2012-05-25T10:26:32.000,2012-05-25T11:18:52.000,3140.000,30.000,1732.548,1773.363
0673002335,2005 JV83,352.949565417,-0.357356111,352.957186250,-0.353887222,L,3,22.600,,19.922955,P0673002335OMS409SIMAGE0000.FTZ,D,27.434,12.488,30.143,65.525,2012-05-25T10:26:32.000,2012-05-25T11:18:52.000,3140.000,30.000,1733.653,1744.757
0673002335,2012 TK353,353.439732917,-0.701761944,353.453760000,-0.696110000,L,3,23.780,,19.922955,P0673002335OMS409SIMAGE0000.FTZ,D,50.494,20.347,54.439,68.052,2012-05-25T10:26:32.000,2012-05-25T11:18:52.000,3140.000,30.000,1734.908,1789.104
0673002335,2016 RJ7,352.991240000,-1.330507500,353.004579167,-1.321973611,L,3,22.150,,19.922955,P0673002335OMS409SIMAGE0000.FTZ,D,48.008,30.722,56.997,57.383,2012-05-25T10:26:32.000,2012-05-25T11:18:52.000,3140.000,30.000,1773.297,1744.614
0673002335,2004 XQ36,352.734142083,-1.271583333,352.743678333,-1.266966389,L,3,21.990,,19.922955,P0673002335OMS409SIMAGE0000.FTZ,D,34.322,16.621,38.135,64.161,2012-05-25T10:26:32.000,2012-05-25T11:18:52.000,3140.000,30.000,1789.451,1758.292
0673002335,2020 YD24,353.352622917,-1.159185556,353.363827500,-1.154341389,L,3,24.740,,19.922955,P0673002335OMS409SIMAGE0000.FTZ,D,40.328,17.439,43.937,66.615,2012-05-25T10:26:32.000,2012-05-25T11:18:52.000,3140.000,30.000,1777.485,1797.219
