family,N,mean_UVW1_minus_V,median_UVW1_minus_V,std_UVW1_minus_V,sem_UVW1_minus_V,percentile_scatter_UVW1_minus_V
C,1,0.4406120741386843,0.4406120741386843,nan,nan,nan
S,6,-0.06797878934063624,-0.14350915749982476,0.5502394399438465,0.22463431070286877,0.39695602423718096
X,1,-0.030099129149327553,-0.030099129149327553,nan,nan,nan
D,1,-0.11958345596528021,-0.11958345596528021,nan,nan,nan
V,1,0.259284699423187,0.259284699423187,nan,nan,nan
K,1,0.24189301865952473,0.24189301865952473,nan,nan,nan
Q,1,0.02579590680690913,0.02579590680690913,nan,nan,nan
OTHER,2,0.1633544078307381,0.1633544078307381,0.24444942284295593,0.17285184454939187,0.11753925429358646
UNK,5,0.22202347027745556,0.12821302623565956,0.30053761700089526,0.13440450828195966,0.20547782065401246
